stock_id,eps,op_income,net_income,revenue,gross_profit,year,season
2801,1.2,,,,,2025,3
2812,1.13,,,,,2025,3
2820,1.05,,,,,2025,3
2834,1.01,,,,,2025,3
2836,0.49,,,,,2025,3
2838,0.91,,,,,2025,3
2845,0.7,,,,,2025,3
2849,0.58,,,,,2025,3
2897,0.53,,,,,2025,3
5876,2.56,,,,,2025,3
2855,1.67,1885972.0,2682594.0,,,2025,3
6005,1.87,3179564.0,4478927.0,,,2025,3
6024,4.0,16697.0,961290.0,,,2025,3
1101,-1.28,8555982.0,-10286629.0,109377581.0,20084535.0,2025,3
1102,2.42,6608114.0,8354409.0,53149015.0,8731242.0,2025,3
1103,0.73,-37631.0,492849.0,2244681.0,362360.0,2025,3
1104,1.8,812429.0,1271031.0,5783017.0,1217076.0,2025,3
1108,2.02,1039062.0,815944.0,3425383.0,710380.0,2025,3
1109,0.8,332184.0,305045.0,3312269.0,544828.0,2025,3
1110,0.29,189994.0,195716.0,2142289.0,320066.0,2025,3
1201,0.43,373072.0,216608.0,16717790.0,4559517.0,2025,3
1203,1.28,746280.0,520326.0,4337935.0,1521927.0,2025,3
1210,2.67,3422908.0,2702423.0,75015426.0,10818709.0,2025,3
1213,-0.65,-34205.0,-36849.0,226784.0,-4808.0,2025,3
1215,7.94,2840755.0,2348079.0,20852147.0,4504533.0,2025,3
1216,2.93,30786598.0,26254178.0,515163655.0,172538646.0,2025,3
1217,0.31,108895.0,163642.0,4032264.0,1114138.0,2025,3
1218,1.07,357996.0,520275.0,7732301.0,1386025.0,2025,3
1219,0.25,-38302.0,-34601.0,10596846.0,861436.0,2025,3
1220,0.13,37597.0,42814.0,2405232.0,274652.0,2025,3
1225,1.12,362645.0,323052.0,8999764.0,841495.0,2025,3
1227,0.94,1006602.0,869604.0,20336366.0,5111884.0,2025,3
1229,2.0,1620041.0,4378391.0,9763221.0,2600510.0,2025,3
1231,2.24,724729.0,668461.0,9486468.0,1880655.0,2025,3
1232,5.84,1203365.0,981257.0,15836433.0,2084366.0,2025,3
1233,0.55,53632.0,49643.0,1599940.0,953391.0,2025,3
1234,1.57,296773.0,631629.0,7308375.0,2114241.0,2025,3
1235,0.59,4924.0,18804.0,119659.0,33004.0,2025,3
1236,-0.23,-22680.0,-19677.0,1378074.0,351662.0,2025,3
1256,9.32,435814.0,315537.0,3241472.0,926020.0,2025,3
1301,-1.13,-5138961.0,-7177387.0,134307258.0,4624168.0,2025,3
1303,-0.05,2374369.0,-237090.0,195445091.0,15622744.0,2025,3
1304,-1.85,-2223916.0,-4488177.0,34227460.0,817309.0,2025,3
1305,-1.34,-1071301.0,-834145.0,7385398.0,-361850.0,2025,3
1307,2.01,1192083.0,798718.0,8251584.0,2602746.0,2025,3
1308,-1.16,-28676.0,-685986.0,4340671.0,157873.0,2025,3
1309,-0.93,-302168.0,-370840.0,11474808.0,493355.0,2025,3
1310,-0.94,-546385.0,-496860.0,6960168.0,-415953.0,2025,3
1312,-2.86,-2996910.0,-3259201.0,15848483.0,-1193220.0,2025,3
1313,-0.56,-939457.0,-743756.0,44121423.0,952187.0,2025,3
1314,-0.75,-2436286.0,-2626528.0,15851243.0,-1105749.0,2025,3
1315,0.99,-45895.0,97528.0,1748417.0,227033.0,2025,3
1316,-0.74,352402.0,-20081.0,2821272.0,1230972.0,2025,3
1319,4.36,3426436.0,2656525.0,18586567.0,6235817.0,2025,3
1321,-0.74,-68198.0,-162420.0,2742892.0,200016.0,2025,3
1323,0.06,-9118.0,5303.0,1525301.0,194552.0,2025,3
1324,-0.66,-50462.0,-49892.0,552240.0,80113.0,2025,3
1325,-0.65,-68408.0,-57553.0,227957.0,-34390.0,2025,3
1326,-0.94,-3181371.0,-5422381.0,222032935.0,6697239.0,2025,3
1337,-1.24,-295652.0,-332274.0,502010.0,-91338.0,2025,3
1338,-2.0,-26524.0,-145455.0,3884458.0,923627.0,2025,3
1339,1.12,222887.0,76503.0,1289672.0,450305.0,2025,3
1340,-0.95,-103839.0,-109792.0,32737.0,-24997.0,2025,3
1341,2.32,193604.0,122837.0,1878778.0,422681.0,2025,3
1342,4.02,388776.0,316503.0,2099531.0,572572.0,2025,3
1402,1.08,13739879.0,12089218.0,185299985.0,38622052.0,2025,3
1410,0.41,-8058.0,19130.0,142707.0,40915.0,2025,3
1413,0.43,63977.0,56344.0,1662012.0,100416.0,2025,3
1414,0.12,-12009.0,25949.0,358862.0,44320.0,2025,3
1416,0.65,-12426.0,127995.0,249114.0,83127.0,2025,3
1417,0.18,-43354.0,33859.0,237471.0,124603.0,2025,3
1418,-2.24,-57690.0,-121481.0,3602.0,499.0,2025,3
1419,3.37,273387.0,1009439.0,3253891.0,856022.0,2025,3
1423,4.06,-53615.0,404565.0,67241.0,-8704.0,2025,3
1432,-0.36,-17048.0,-49399.0,1026616.0,446788.0,2025,3
1434,0.29,645025.0,484524.0,21439086.0,2425797.0,2025,3
1435,-0.26,-39112.0,-35838.0,4486.0,2902.0,2025,3
1436,6.01,1487241.0,1050022.0,3692164.0,1848563.0,2025,3
1437,1.6,321711.0,324859.0,693376.0,396408.0,2025,3
1438,-0.9,-19893.0,-99602.0,20616.0,8731.0,2025,3
1439,2.09,81623.0,193764.0,515905.0,142321.0,2025,3
1440,-0.04,-433542.0,-24453.0,11143876.0,811417.0,2025,3
1441,-0.26,-10052.0,-19099.0,1138089.0,103172.0,2025,3
1442,2.49,1074238.0,912016.0,2694899.0,1317889.0,2025,3
1443,0.52,271487.0,62256.0,751410.0,366558.0,2025,3
1444,-0.68,-329792.0,-770126.0,5336567.0,99396.0,2025,3
1445,-0.56,-46635.0,-73791.0,579169.0,74502.0,2025,3
1446,2.05,355780.0,281635.0,987854.0,462632.0,2025,3
1447,-0.61,-461039.0,-525921.0,21160683.0,92966.0,2025,3
1449,-0.28,-64596.0,-24305.0,1805667.0,241135.0,2025,3
1451,1.45,61137.0,286716.0,4687148.0,513037.0,2025,3
1452,-0.34,-44358.0,-44887.0,1047294.0,25168.0,2025,3
1453,0.05,-24125.0,5287.0,1078.0,577.0,2025,3
1454,-0.7,-86882.0,-85360.0,1179294.0,32149.0,2025,3
1455,-0.66,-379340.0,-351182.0,4987231.0,-120210.0,2025,3
1456,-0.9,133909.0,-84456.0,621617.0,225965.0,2025,3
1457,0.44,385636.0,236679.0,2341581.0,243535.0,2025,3
1459,0.6,34840.0,373686.0,817505.0,99319.0,2025,3
1460,-0.27,-95450.0,-182400.0,5467849.0,787395.0,2025,3
1463,0.78,109242.0,159812.0,743017.0,166672.0,2025,3
1464,0.03,280908.0,-94856.0,9334625.0,1802048.0,2025,3
1465,-0.51,-49859.0,-53337.0,278425.0,-9330.0,2025,3
1466,-0.61,-26703.0,-63505.0,1942707.0,172059.0,2025,3
1467,-0.79,-26620.0,-194760.0,3863265.0,687703.0,2025,3
1468,-0.04,-6653.0,-6888.0,646259.0,73194.0,2025,3
1470,0.32,45421.0,27506.0,592388.0,130373.0,2025,3
1471,-0.05,-71015.0,-7812.0,148660.0,13619.0,2025,3
1472,5.1,310230.0,267652.0,2727820.0,411174.0,2025,3
1473,0.77,141493.0,112065.0,5436551.0,876894.0,2025,3
1474,0.29,20306.0,35343.0,2168930.0,260481.0,2025,3
1475,1.43,196109.0,94383.0,1106650.0,261010.0,2025,3
1476,14.33,5316676.0,3932957.0,28725625.0,8085177.0,2025,3
1477,11.13,3613735.0,2788337.0,26501961.0,6444965.0,2025,3
1503,5.46,3617992.0,2934115.0,27493834.0,6102039.0,2025,3
1504,1.98,4295501.0,4474495.0,43759281.0,10507811.0,2025,3
1506,0.04,-294.0,14407.0,820000.0,131596.0,2025,3
1512,0.04,-15772.0,3945.0,828601.0,277593.0,2025,3
1513,5.99,3726596.0,2960240.0,20342936.0,5149416.0,2025,3
1514,2.19,695226.0,601848.0,7404959.0,1345804.0,2025,3
1515,-0.08,-35083.0,-18515.0,3618159.0,451777.0,2025,3
1516,0.1,-8670.0,3995.0,55935.0,3377.0,2025,3
1517,-0.66,-226196.0,-143355.0,1525561.0,55858.0,2025,3
1519,8.68,3670985.0,2709992.0,16326448.0,6468304.0,2025,3
1521,0.34,71850.0,26049.0,2654236.0,424577.0,2025,3
1522,1.17,1188109.0,455297.0,16139576.0,4096577.0,2025,3
1524,1.28,309150.0,211607.0,1922403.0,535752.0,2025,3
1525,2.48,19763.0,182267.0,901418.0,114497.0,2025,3
1526,-0.04,-39581.0,-2588.0,611382.0,120289.0,2025,3
1527,1.04,170962.0,144739.0,2302441.0,502670.0,2025,3
1528,-0.53,41752.0,-104376.0,2116380.0,655677.0,2025,3
1529,0.97,53762.0,157142.0,680638.0,131242.0,2025,3
1530,-2.81,-74654.0,-269862.0,1456551.0,197419.0,2025,3
1531,-0.23,-21933.0,-42101.0,1161599.0,236486.0,2025,3
1532,0.81,953424.0,604784.0,12058628.0,2886100.0,2025,3
1533,-0.14,56444.0,2182.0,2800164.0,830151.0,2025,3
1535,2.79,311130.0,345025.0,8678854.0,742339.0,2025,3
1536,-2.05,-278701.0,-579073.0,3559162.0,179907.0,2025,3
1537,5.76,640403.0,472755.0,5017791.0,1047930.0,2025,3
1538,-0.36,-38027.0,-11638.0,92571.0,19302.0,2025,3
1539,-0.08,29442.0,-5265.0,1048005.0,100536.0,2025,3
1540,0.54,77614.0,46359.0,404812.0,133359.0,2025,3
1541,1.32,186056.0,103831.0,2881206.0,521004.0,2025,3
1558,4.27,624033.0,481940.0,6472831.0,1719671.0,2025,3
1560,6.02,966789.0,899600.0,5977667.0,1904618.0,2025,3
1563,1.47,508804.0,332112.0,5334743.0,1183409.0,2025,3
1568,0.88,120555.0,90433.0,792323.0,251212.0,2025,3
1582,2.98,643985.0,463936.0,6564174.0,1597406.0,2025,3
1583,-5.75,-120757.0,-770901.0,2912667.0,513413.0,2025,3
1587,0.24,42571.0,19542.0,1874085.0,364901.0,2025,3
1589,-5.06,-401389.0,-673942.0,5845444.0,409115.0,2025,3
1590,30.36,7464348.0,6072055.0,25294806.0,11489842.0,2025,3
1597,0.5,74942.0,44058.0,804723.0,337007.0,2025,3
1598,-1.23,-179855.0,-244530.0,4447738.0,1737918.0,2025,3
1603,3.03,484465.0,482606.0,4094303.0,596936.0,2025,3
1604,1.29,384363.0,503875.0,6950112.0,1322053.0,2025,3
1605,0.52,807322.0,1645017.0,132382690.0,9040273.0,2025,3
1608,4.75,735350.0,2087585.0,8622964.0,926519.0,2025,3
1609,1.62,2024666.0,1488362.0,22995092.0,3244960.0,2025,3
1611,0.1,45472.0,30846.0,817985.0,245691.0,2025,3
1612,2.19,664132.0,692481.0,5901351.0,851703.0,2025,3
1614,0.66,156573.0,171977.0,4199308.0,794365.0,2025,3
1615,3.34,730584.0,657457.0,4133965.0,902181.0,2025,3
1616,2.22,445018.0,420561.0,4055777.0,633409.0,2025,3
1617,-0.38,-1040.0,-66787.0,2453291.0,181726.0,2025,3
1618,3.26,597065.0,627996.0,3828181.0,715241.0,2025,3
1623,9.42,701166.0,565383.0,4836799.0,855967.0,2025,3
1626,-0.3,-71968.0,-45533.0,6348714.0,1228000.0,2025,3
1702,0.84,452040.0,345475.0,17261129.0,4272949.0,2025,3
1707,5.22,1396272.0,1203998.0,7249193.0,5400852.0,2025,3
1708,2.2,804365.0,547823.0,4524634.0,1409311.0,2025,3
1709,0.87,461488.0,410251.0,6958996.0,981233.0,2025,3
1710,-0.58,-565271.0,-680597.0,17337018.0,276105.0,2025,3
1711,-0.18,-101037.0,-111227.0,5733831.0,1112240.0,2025,3
1712,2.07,1038452.0,874787.0,14234401.0,4396265.0,2025,3
1713,2.56,-64268.0,385989.0,323641.0,11887.0,2025,3
1714,0.37,624426.0,799321.0,16916499.0,1496816.0,2025,3
1717,1.09,1293364.0,1312715.0,30561709.0,6213449.0,2025,3
1720,3.91,1009987.0,940652.0,5237638.0,2172791.0,2025,3
1721,-1.12,-188285.0,-207891.0,1374006.0,-50412.0,2025,3
1722,1.11,279311.0,1091998.0,9363271.0,1166068.0,2025,3
1723,2.14,441382.0,496463.0,4513683.0,872372.0,2025,3
1725,1.37,128176.0,248492.0,6237505.0,294622.0,2025,3
1726,4.28,835440.0,692645.0,7278673.0,1899264.0,2025,3
1727,0.03,1399.0,3582.0,1485245.0,158687.0,2025,3
1730,3.42,285846.0,239304.0,1812381.0,921492.0,2025,3
1731,1.1,176591.0,145655.0,1169240.0,742391.0,2025,3
1732,0.37,33839.0,15870.0,506376.0,207660.0,2025,3
1733,1.13,107485.0,112837.0,1505913.0,406378.0,2025,3
1734,1.39,320816.0,255362.0,2491298.0,1074428.0,2025,3
1735,0.2,45293.0,20124.0,1743200.0,306339.0,2025,3
1736,3.41,1697666.0,1036261.0,34957006.0,18059773.0,2025,3
1737,1.28,342458.0,250599.0,2491208.0,1020187.0,2025,3
1752,1.69,232536.0,170599.0,1645022.0,588204.0,2025,3
1760,1.65,235495.0,141550.0,1517253.0,830948.0,2025,3
1762,-1.84,-156571.0,-102593.0,691461.0,80528.0,2025,3
1773,5.01,1765085.0,1502783.0,8521273.0,2929120.0,2025,3
1776,0.05,5998.0,-3449.0,768674.0,118771.0,2025,3
1783,2.02,174547.0,181571.0,586858.0,398447.0,2025,3
1786,1.38,139991.0,99154.0,635232.0,449041.0,2025,3
1789,0.12,100873.0,95670.0,2155381.0,763366.0,2025,3
1795,13.82,4411204.0,3598403.0,14247508.0,8442942.0,2025,3
1802,-0.33,-145769.0,-1067765.0,30702531.0,3339481.0,2025,3
1805,0.06,7454.0,8031.0,97357.0,42634.0,2025,3
1806,0.23,124051.0,88674.0,2558339.0,611303.0,2025,3
1808,-0.37,-335168.0,-364335.0,103606.0,19182.0,2025,3
1809,0.11,13980.0,10626.0,1860809.0,360758.0,2025,3
1810,0.04,-34576.0,13635.0,3435071.0,883755.0,2025,3
1817,2.75,241263.0,200466.0,1946149.0,702309.0,2025,3
1903,0.54,-13525.0,139412.0,114297.0,74657.0,2025,3
1904,0.17,1072111.0,156616.0,31612104.0,5342188.0,2025,3
1905,-0.85,-1248140.0,-932752.0,14093778.0,299334.0,2025,3
1906,-0.15,32225.0,-23063.0,2306176.0,187426.0,2025,3
1907,0.87,-825040.0,1429814.0,54747280.0,6910117.0,2025,3
1909,-0.54,-318927.0,-719967.0,32676827.0,2904442.0,2025,3
2002,-0.27,-4259736.0,-4393520.0,241782578.0,5381079.0,2025,3
2006,4.55,4349190.0,3347903.0,44023554.0,6372660.0,2025,3
2007,-1.54,-488000.0,-817661.0,4312046.0,-339271.0,2025,3
2008,0.68,126929.0,130666.0,1458064.0,241409.0,2025,3
2009,0.34,-81541.0,120526.0,2197029.0,-33036.0,2025,3
2010,1.74,1308341.0,1137049.0,18159735.0,2010366.0,2025,3
2012,0.25,260136.0,124181.0,6381197.0,882727.0,2025,3
2013,2.27,474527.0,453324.0,15696082.0,753956.0,2025,3
2014,-1.1,-1774077.0,-1584316.0,15237391.0,-1451722.0,2025,3
2015,2.94,1944433.0,1706341.0,22456653.0,2582355.0,2025,3
2017,-0.31,-279644.0,-172072.0,2122947.0,30182.0,2025,3
2020,1.66,257899.0,443758.0,3735256.0,686171.0,2025,3
2022,0.02,131607.0,110767.0,6773583.0,749717.0,2025,3
2023,-1.4,394417.0,-3054289.0,52616657.0,4471890.0,2025,3
2024,-0.14,-417.0,-13592.0,743245.0,45757.0,2025,3
2025,-0.41,-223785.0,-70593.0,580511.0,-189578.0,2025,3
2027,2.08,10614614.0,5928492.0,77364139.0,18928874.0,2025,3
2028,0.09,67989.0,30605.0,6322585.0,214083.0,2025,3
2029,0.47,185364.0,161851.0,10385309.0,1021373.0,2025,3
2030,0.13,154739.0,35249.0,7682856.0,702926.0,2025,3
2031,2.67,663055.0,891343.0,13465025.0,1077383.0,2025,3
2032,0.37,9168.0,48152.0,2339983.0,83720.0,2025,3
2033,0.25,21200.0,20737.0,526649.0,75026.0,2025,3
2034,0.33,244032.0,170299.0,9914927.0,922524.0,2025,3
2038,-0.12,-17456.0,-38958.0,6815151.0,131002.0,2025,3
2049,3.01,1327866.0,982161.0,17759602.0,5218982.0,2025,3
2059,66.35,8664316.0,6322668.0,12551587.0,9542461.0,2025,3
2062,0.19,11572.0,36891.0,4655316.0,425905.0,2025,3
2069,1.1,268732.0,182223.0,7711720.0,705572.0,2025,3
2072,7.56,1530298.0,1284732.0,7695904.0,2011857.0,2025,3
2101,-0.37,502530.0,-305329.0,6695339.0,1444379.0,2025,3
2102,-2.22,-115601.0,-1018638.0,200129.0,41032.0,2025,3
2103,0.22,668612.0,297281.0,28111894.0,2734866.0,2025,3
2104,-3.4,-1417015.0,-3362437.0,12024095.0,-360576.0,2025,3
2105,1.23,5741183.0,3976185.0,69825727.0,15845076.0,2025,3
2106,0.06,452589.0,59407.0,25940651.0,4879545.0,2025,3
2107,1.52,220851.0,460762.0,1007434.0,362450.0,2025,3
2108,0.57,493736.0,499788.0,7240874.0,1549492.0,2025,3
2109,0.78,357936.0,271766.0,3326551.0,714698.0,2025,3
2114,4.15,362267.0,323310.0,1157877.0,462594.0,2025,3
2115,1.48,209344.0,154835.0,2245950.0,481797.0,2025,3
2201,0.77,4527325.0,2901478.0,53835771.0,17763372.0,2025,3
2204,3.9,939876.0,2265060.0,23960066.0,4043310.0,2025,3
2206,4.6,4725569.0,3923619.0,47983817.0,10311065.0,2025,3
2208,-1.94,-3236869.0,-2477058.0,17941290.0,-2671645.0,2025,3
2211,7.36,2841550.0,3457167.0,11509707.0,3276718.0,2025,3
2227,-0.24,-451391.0,-72313.0,11733420.0,1093869.0,2025,3
2228,4.06,373599.0,322784.0,3765298.0,912081.0,2025,3
2231,-0.06,67511.0,-187566.0,2601213.0,942991.0,2025,3
2233,5.02,330876.0,299878.0,2509020.0,780455.0,2025,3
2236,-2.67,73721.0,-184011.0,6992876.0,798270.0,2025,3
2239,-4.74,-397725.0,-648216.0,13955789.0,1346289.0,2025,3
2241,-0.6,-125402.0,-69932.0,510961.0,-11948.0,2025,3
2243,-0.11,7650.0,-7639.0,1105965.0,109291.0,2025,3
2247,14.86,1460583.0,1199376.0,39221416.0,4398746.0,2025,3
2248,3.36,174559.0,155196.0,1406655.0,424276.0,2025,3
2250,3.19,139977.0,109556.0,2543469.0,435143.0,2025,3
2254,-0.11,9694.0,-6942.0,426803.0,116050.0,2025,3
2258,-1.29,-2428810.0,-2253244.0,3573211.0,714487.0,2025,3
2301,4.94,12084703.0,11253858.0,121728442.0,28406423.0,2025,3
2302,0.4,93821.0,66076.0,634424.0,233630.0,2025,3
2303,2.54,31723249.0,31535438.0,175743654.0,49948061.0,2025,3
2305,0.02,-840.0,37383.0,528211.0,220844.0,2025,3
2308,16.47,57513609.0,48298572.0,393272069.0,134253362.0,2025,3
2312,0.85,3276875.0,1680454.0,120609061.0,8026488.0,2025,3
2313,3.61,5844277.0,4300116.0,54979500.0,10192408.0,2025,3
2314,-4.71,-596510.0,-499927.0,1007590.0,-45081.0,2025,3
2316,10.81,-409842.0,1960496.0,2619432.0,-81558.0,2025,3
2317,10.38,173632375.0,161400941.0,5496732736.0,344834065.0,2025,3
2321,-0.3,3004.0,-776.0,557685.0,168546.0,2025,3
2323,0.37,15358.0,401969.0,5266430.0,1274091.0,2025,3
2324,1.06,8001952.0,6017261.0,566660799.0,31638964.0,2025,3
2327,8.22,21068850.0,16970318.0,96961795.0,34712602.0,2025,3
2328,1.22,942195.0,721205.0,16818482.0,2042330.0,2025,3
2329,1.41,1089599.0,1006494.0,14529330.0,2172721.0,2025,3
2330,46.75,1371189264.0,1209981447.0,2762963851.0,1629307143.0,2025,3
2331,1.44,80490.0,802390.0,14560853.0,1613129.0,2025,3
2332,-0.48,-124216.0,-183834.0,9931578.0,2480508.0,2025,3
2337,-1.62,-3305287.0,-3010913.0,21150880.0,3262642.0,2025,3
2338,-3.56,-405619.0,-1026311.0,4668251.0,399866.0,2025,3
2340,-2.2,-930403.0,-1040466.0,3263099.0,-36308.0,2025,3
2342,-0.23,-29808.0,-35636.0,1590112.0,260537.0,2025,3
2344,0.12,1442596.0,82792.0,62781097.0,20049913.0,2025,3
2345,32.18,23022414.0,17958033.0,176301922.0,32029696.0,2025,3
2347,3.42,5359200.0,6098422.0,284942754.0,12131406.0,2025,3
2348,3.61,1140217.0,609677.0,4415233.0,1647165.0,2025,3
2349,-0.34,-82632.0,-164355.0,5871244.0,746299.0,2025,3
2351,0.86,321661.0,184330.0,7663519.0,956695.0,2025,3
2352,0.59,2578615.0,1348578.0,155743262.0,26123766.0,2025,3
2353,0.9,3277842.0,4053255.0,201268726.0,21396491.0,2025,3
2354,1.68,1519452.0,2334715.0,113555634.0,4047937.0,2025,3
2355,0.96,276024.0,380026.0,11789945.0,1257776.0,2025,3
2356,1.85,10174730.0,7210416.0,519897249.0,27791528.0,2025,3
2357,44.63,30253210.0,35725341.0,535980845.0,79278186.0,2025,3
2359,0.1,38103.0,24010.0,3179282.0,704965.0,2025,3
2360,21.67,6209641.0,9277296.0,19730565.0,12207779.0,2025,3
2362,1.57,1322326.0,910918.0,15255864.0,3497223.0,2025,3
2363,1.46,-71367.0,726865.0,1999996.0,653372.0,2025,3
2364,3.14,173048.0,163793.0,1163644.0,463010.0,2025,3
2365,0.22,49494.0,48976.0,714508.0,295420.0,2025,3
2367,0.71,637384.0,505716.0,12537954.0,2086561.0,2025,3
2368,13.61,10056623.0,6675522.0,43595554.0,14158973.0,2025,3
2369,-0.99,-405580.0,-388308.0,4014948.0,-128587.0,2025,3
2371,0.65,1749640.0,1327858.0,37040356.0,6386529.0,2025,3
2373,2.79,575978.0,667655.0,8005137.0,3708818.0,2025,3
2374,1.52,607016.0,451044.0,6569844.0,1772596.0,2025,3
2375,2.77,389829.0,301131.0,4205355.0,850042.0,2025,3
2376,13.77,12969595.0,10033811.0,247587020.0,25996282.0,2025,3
2377,4.87,4872703.0,4115891.0,172588178.0,18810388.0,2025,3
2379,23.59,12025190.0,12099449.0,96427898.0,48738200.0,2025,3
2380,0.47,61086.0,103668.0,2100011.0,689954.0,2025,3
2382,13.7,63377557.0,53402339.0,1485052023.0,107934279.0,2025,3
2383,31.23,14173353.0,10908829.0,69333400.0,20995390.0,2025,3
2385,8.01,6419854.0,6661316.0,72583888.0,13377398.0,2025,3
2387,2.56,901790.0,442425.0,14525453.0,2132088.0,2025,3
2388,-1.1,-1002252.0,-599324.0,6497895.0,1518727.0,2025,3
2390,0.07,-20828.0,13782.0,509637.0,110838.0,2025,3
2392,-4.81,-13604640.0,-14854030.0,69218999.0,-6673695.0,2025,3
2393,3.34,2036003.0,1501434.0,15014731.0,4705849.0,2025,3
2395,8.67,8755786.0,7406863.0,52960953.0,21068557.0,2025,3
2397,2.48,568408.0,384805.0,8271682.0,2169144.0,2025,3
2399,-0.11,-111748.0,-18849.0,1415670.0,85219.0,2025,3
2401,-0.26,39879.0,73532.0,4806272.0,2251644.0,2025,3
2402,1.86,669823.0,566545.0,8124142.0,1529025.0,2025,3
2404,34.07,8134783.0,6519604.0,45537722.0,9697111.0,2025,3
2405,-0.15,-47529.0,-59842.0,1285305.0,513233.0,2025,3
2406,-0.92,-447721.0,-892301.0,4040660.0,365142.0,2025,3
2408,-1.45,-6537364.0,-4479418.0,36492902.0,225356.0,2025,3
2409,0.52,837765.0,4065811.0,211246176.0,24830046.0,2025,3
2412,3.79,37167934.0,30655286.0,170463142.0,64892333.0,2025,3
2413,-0.25,-5224.0,-32493.0,2465722.0,358599.0,2025,3
2414,2.38,553578.0,428170.0,21516848.0,1697149.0,2025,3
2415,1.37,266948.0,166668.0,1744000.0,471502.0,2025,3
2417,-0.8,-58498.0,-90776.0,2489712.0,1380080.0,2025,3
2419,-0.17,55105.0,43818.0,6343528.0,1123349.0,2025,3
2420,2.72,449190.0,414991.0,1653191.0,741331.0,2025,3
2421,5.65,1999172.0,1540574.0,13759838.0,4187530.0,2025,3
2423,2.0,377438.0,289446.0,2082296.0,1112193.0,2025,3
2424,-1.3,-88296.0,-73970.0,132724.0,18394.0,2025,3
2425,-0.95,-21049.0,-146367.0,2340705.0,151888.0,2025,3
2426,-0.18,-23142.0,-53525.0,1821162.0,233605.0,2025,3
2427,1.11,274599.0,218584.0,4006957.0,1136008.0,2025,3
2428,8.43,1564767.0,1068605.0,6030642.0,2442662.0,2025,3
2429,-0.92,-96207.0,-81923.0,321227.0,8495.0,2025,3
2430,0.32,88560.0,37765.0,13369850.0,1982070.0,2025,3
2431,-0.51,-83715.0,-56134.0,306825.0,-7070.0,2025,3
2432,0.96,58130.0,59464.0,2318840.0,275580.0,2025,3
2433,2.4,298342.0,360528.0,2025866.0,722920.0,2025,3
2434,0.32,-42627.0,12022.0,34527.0,-3832.0,2025,3
2436,1.45,203937.0,267138.0,2643331.0,781184.0,2025,3
2438,-2.11,-61728.0,-145681.0,320233.0,89902.0,2025,3
2439,3.77,911566.0,1253008.0,32307126.0,3971374.0,2025,3
2440,-0.26,4536.0,-35990.0,2588874.0,95653.0,2025,3
2441,3.18,2036328.0,1811455.0,12468256.0,2530219.0,2025,3
2442,0.65,169924.0,174391.0,805390.0,301752.0,2025,3
2444,-1.54,-130918.0,-156770.0,873468.0,31332.0,2025,3
2449,7.17,6190946.0,5756689.0,24967894.0,8768734.0,2025,3
2450,1.06,157931.0,273347.0,22791589.0,2452015.0,2025,3
2451,5.37,2772405.0,2305161.0,10321785.0,3826624.0,2025,3
2453,2.2,243168.0,219188.0,5031898.0,1284554.0,2025,3
2454,51.76,81619769.0,83044040.0,445777672.0,213799033.0,2025,3
2455,1.92,460251.0,354060.0,2420554.0,862133.0,2025,3
2457,-0.97,-437629.0,-414233.0,7444505.0,1564077.0,2025,3
2458,5.96,2321132.0,1595129.0,9466577.0,4587400.0,2025,3
2459,4.39,462526.0,473203.0,3600785.0,980743.0,2025,3
2460,-2.59,-369875.0,-429839.0,2219395.0,-44977.0,2025,3
2461,-0.32,7660.0,-70705.0,3925273.0,835308.0,2025,3
2462,0.02,116266.0,3020.0,3144022.0,434788.0,2025,3
2464,-0.58,-18381.0,-115057.0,4992315.0,946910.0,2025,3
2465,0.09,65556.0,18426.0,3507986.0,338705.0,2025,3
2466,0.98,-221929.0,169279.0,832277.0,9650.0,2025,3
2467,3.78,606149.0,605626.0,4355260.0,1873361.0,2025,3
2468,0.77,58418.0,54092.0,2054226.0,192962.0,2025,3
2471,1.71,92298.0,80521.0,684464.0,278870.0,2025,3
2472,5.19,1668851.0,1239409.0,8407118.0,2677637.0,2025,3
2474,7.45,2506655.0,4966911.0,14295685.0,4463847.0,2025,3
2476,2.72,861441.0,665503.0,5432901.0,1616820.0,2025,3
2477,1.58,126631.0,243435.0,1888231.0,507341.0,2025,3
2478,2.53,457818.0,365092.0,4052768.0,905008.0,2025,3
2480,5.94,763211.0,631746.0,6205496.0,1512712.0,2025,3
2481,2.18,849420.0,983145.0,9741460.0,2997591.0,2025,3
2482,-0.83,-55788.0,-64456.0,389391.0,172170.0,2025,3
2483,0.68,-88800.0,74580.0,1325302.0,122767.0,2025,3
2484,0.26,44058.0,42146.0,1850761.0,299987.0,2025,3
2485,-1.33,-397981.0,-450870.0,1675294.0,-30570.0,2025,3
2486,0.16,97724.0,48523.0,4500500.0,614322.0,2025,3
2488,3.53,275921.0,282338.0,2147708.0,515277.0,2025,3
2489,0.81,396920.0,548601.0,18585855.0,1837809.0,2025,3
2491,0.49,-106980.0,27204.0,131154.0,26554.0,2025,3
2492,2.95,1548450.0,1871458.0,27707893.0,4700265.0,2025,3
2493,3.16,507344.0,401117.0,2776140.0,853366.0,2025,3
2495,0.45,28926.0,121961.0,833161.0,358189.0,2025,3
2496,4.36,103004.0,82114.0,638467.0,341419.0,2025,3
2497,1.49,334200.0,182687.0,3338424.0,852200.0,2025,3
2498,7.88,-2833929.0,6582225.0,2119695.0,771984.0,2025,3
2501,1.91,2647633.0,2178383.0,15557136.0,4427603.0,2025,3
2504,2.45,3765657.0,2987419.0,16792486.0,4585528.0,2025,3
2505,1.54,503300.0,588030.0,2560341.0,771586.0,2025,3
2506,0.05,57893.0,103521.0,920106.0,414477.0,2025,3
2509,-0.62,-71878.0,-135535.0,194071.0,44970.0,2025,3
2511,0.2,301165.0,301715.0,5987062.0,1816614.0,2025,3
2514,1.43,826843.0,805441.0,16101919.0,2148287.0,2025,3
2515,0.27,598706.0,417679.0,14675990.0,1018347.0,2025,3
2516,0.57,98734.0,129823.0,7413242.0,219315.0,2025,3
2520,1.72,2101368.0,1546520.0,16195936.0,3589301.0,2025,3
2524,1.73,1087313.0,636441.0,3272392.0,1479689.0,2025,3
2527,0.6,-7077.0,140249.0,460505.0,197691.0,2025,3
2528,3.39,1768804.0,1403802.0,10862639.0,2241127.0,2025,3
2530,2.07,2170629.0,1731505.0,6198441.0,2550980.0,2025,3
2534,1.85,1035429.0,877362.0,4386019.0,1688432.0,2025,3
2535,4.37,1263824.0,1120871.0,16516268.0,1809075.0,2025,3
2536,1.07,704222.0,354854.0,4211431.0,1013469.0,2025,3
2537,0.1,114419.0,31228.0,597155.0,210709.0,2025,3
2538,0.56,-8032.0,248090.0,207431.0,160615.0,2025,3
2539,2.34,3441881.0,2788092.0,9912568.0,3990159.0,2025,3
2540,0.68,929837.0,630269.0,9452105.0,1954038.0,2025,3
2542,0.95,1862969.0,1666712.0,14371986.0,3717331.0,2025,3
2543,1.93,1222260.0,1055244.0,8186168.0,1594247.0,2025,3
2545,2.58,1635311.0,891028.0,5682692.0,2374909.0,2025,3
2546,6.59,995034.0,859929.0,15698305.0,1278435.0,2025,3
2547,2.78,785706.0,2863766.0,4198032.0,2179366.0,2025,3
2548,1.82,765113.0,581662.0,4863270.0,1373745.0,2025,3
2597,7.25,2803946.0,2518436.0,22061708.0,3711808.0,2025,3
2601,-0.34,-160536.0,-597745.0,3147023.0,1918641.0,2025,3
2603,27.74,65795356.0,61266886.0,293375092.0,77326441.0,2025,3
2605,0.49,276416.0,284939.0,3025476.0,513460.0,2025,3
2606,2.76,2416649.0,2328582.0,11344516.0,2990874.0,2025,3
2607,2.72,1778464.0,2506732.0,12985171.0,2940248.0,2025,3
2608,1.55,1173990.0,859080.0,9631529.0,1774209.0,2025,3
2609,4.24,15533941.0,15002572.0,126265473.0,22288938.0,2025,3
2610,1.81,15764679.0,12250585.0,154976706.0,27441710.0,2025,3
2611,0.39,1662.0,82774.0,495504.0,147178.0,2025,3
2612,4.21,797686.0,829715.0,3631938.0,1170911.0,2025,3
2613,0.85,266171.0,117359.0,2518687.0,431868.0,2025,3
2614,1.42,335884.0,423243.0,4039415.0,1350486.0,2025,3
2615,7.64,26892296.0,21468857.0,106971577.0,31530547.0,2025,3
2616,-4.41,-586764.0,-594052.0,6067381.0,407367.0,2025,3
2617,2.36,1103364.0,985508.0,3124888.0,1251679.0,2025,3
2618,3.43,26704710.0,19599222.0,162686685.0,38431324.0,2025,3
2630,0.89,261764.0,185518.0,4102666.0,451250.0,2025,3
2633,0.89,15855283.0,5011922.0,40108105.0,17356634.0,2025,3
2634,0.22,674246.0,206957.0,24493021.0,1575724.0,2025,3
2636,5.81,573231.0,807971.0,16043189.0,2577610.0,2025,3
2637,2.44,2172201.0,1822769.0,11804928.0,2302447.0,2025,3
2642,-0.64,-98973.0,-60943.0,2896347.0,208672.0,2025,3
2645,4.16,2520053.0,1558414.0,13347476.0,3014614.0,2025,3
2646,0.16,1460055.0,474641.0,32696823.0,5210621.0,2025,3
2701,0.49,122396.0,219952.0,191645.0,150852.0,2025,3
2702,-0.61,71949.0,-95220.0,1044121.0,901020.0,2025,3
2704,0.97,-16723.0,357386.0,994904.0,285004.0,2025,3
2705,-0.45,38474.0,-85824.0,1620730.0,483866.0,2025,3
2706,0.56,196211.0,277637.0,283109.0,221625.0,2025,3
2707,7.93,1214529.0,1007447.0,5005191.0,1598260.0,2025,3
2712,-0.11,-6540.0,-11653.0,423319.0,97721.0,2025,3
2722,-0.33,-57368.0,-58300.0,454813.0,150723.0,2025,3
2723,-4.23,331405.0,-758169.0,13772614.0,8182966.0,2025,3
2727,12.01,1378346.0,1021449.0,17323177.0,8245150.0,2025,3
2731,13.31,1383934.0,1249552.0,22401220.0,3765010.0,2025,3
2739,1.01,218919.0,92200.0,3687220.0,1408207.0,2025,3
2748,1.11,168820.0,117343.0,1741349.0,525662.0,2025,3
2753,9.34,763531.0,602979.0,6487544.0,2322982.0,2025,3
2762,2.22,410345.0,242185.0,8105503.0,1300907.0,2025,3
2901,0.25,14357.0,18314.0,97031.0,82833.0,2025,3
2903,1.12,2731975.0,1786883.0,23632792.0,14006982.0,2025,3
2904,1.0,78307.0,78067.0,375410.0,131080.0,2025,3
2906,0.1,241791.0,170975.0,6426589.0,1864925.0,2025,3
2908,0.07,97063.0,-101468.0,25403752.0,6279016.0,2025,3
2910,0.9,211921.0,157586.0,388615.0,343315.0,2025,3
2911,-3.49,-374519.0,-371310.0,1728988.0,640785.0,2025,3
2912,8.56,11281468.0,10449905.0,260950028.0,89949038.0,2025,3
2913,-0.11,-11884.0,-84830.0,364969.0,138600.0,2025,3
2915,6.71,128001.0,7153341.0,1946555.0,755012.0,2025,3
2923,-0.45,-428415.0,-647065.0,2441673.0,1035259.0,2025,3
2929,-0.3,-43670.0,-32823.0,1195464.0,195642.0,2025,3
2939,-3.2,-121865.0,-145850.0,221678.0,19705.0,2025,3
2945,1.44,123200.0,88801.0,10969164.0,2994073.0,2025,3
3002,0.48,-26256.0,46097.0,534390.0,99755.0,2025,3
3003,0.5,219355.0,87722.0,3225995.0,725409.0,2025,3
3004,4.4,363751.0,245399.0,2913092.0,713074.0,2025,3
3005,6.36,4715445.0,4121616.0,29134542.0,9347097.0,2025,3
3006,-2.81,-628977.0,-789564.0,9768470.0,931812.0,2025,3
3008,109.06,17229674.0,14758266.0,43929248.0,22576878.0,2025,3
3010,6.28,2037329.0,1860539.0,58160779.0,4558950.0,2025,3
3011,-1.53,-254482.0,-177874.0,591404.0,22563.0,2025,3
3013,2.44,681630.0,501172.0,7499627.0,1310159.0,2025,3
3014,7.62,1440653.0,1227775.0,5440004.0,2977035.0,2025,3
3015,1.58,154885.0,316439.0,10214866.0,1775188.0,2025,3
3016,-0.09,-34272.0,-26062.0,2826900.0,180704.0,2025,3
3017,32.25,17540757.0,13691457.0,91864360.0,23424149.0,2025,3
3018,-2.36,-135572.0,-173549.0,394715.0,-21320.0,2025,3
3019,5.51,1858616.0,1790873.0,19469403.0,3882187.0,2025,3
3021,0.47,95998.0,42323.0,2410181.0,393588.0,2025,3
3022,2.51,487787.0,442994.0,4953745.0,1660046.0,2025,3
3023,10.06,2564020.0,2405638.0,23446163.0,5649809.0,2025,3
3024,0.33,137571.0,90619.0,1447029.0,353949.0,2025,3
3025,1.18,53827.0,66949.0,349471.0,236610.0,2025,3
3026,4.75,885228.0,758071.0,10107065.0,1935482.0,2025,3
3027,0.3,26678.0,44403.0,1772450.0,345133.0,2025,3
3028,2.0,944532.0,474124.0,30265628.0,2171673.0,2025,3
3029,4.91,1134766.0,970966.0,19355264.0,2239401.0,2025,3
3030,7.59,2280907.0,1792499.0,6386035.0,3678694.0,2025,3
3031,0.89,59699.0,154130.0,833724.0,238646.0,2025,3
3032,-2.17,841841.0,-324455.0,8130612.0,1839740.0,2025,3
3033,1.03,1129222.0,489658.0,80696388.0,3187841.0,2025,3
3034,20.8,14375688.0,12657883.0,77845935.0,29195185.0,2025,3
3035,2.01,471965.0,551277.0,15185048.0,3673758.0,2025,3
3036,8.11,14891093.0,9368349.0,835862160.0,34830244.0,2025,3
3037,2.06,4308716.0,3634637.0,96549996.0,12820125.0,2025,3
3038,0.82,156215.0,121580.0,2331978.0,551562.0,2025,3
3040,0.31,5741.0,19402.0,95115.0,55074.0,2025,3
3041,-2.1,-230065.0,-224853.0,967062.0,316946.0,2025,3
3042,3.95,1556105.0,1351984.0,10024635.0,3340123.0,2025,3
3043,-0.51,-12213.0,-21847.0,654348.0,137243.0,2025,3
3044,14.75,9669605.0,7753429.0,54420679.0,14158428.0,2025,3
3045,3.49,15442056.0,11758431.0,141978174.0,29764674.0,2025,3
3046,3.33,275422.0,260217.0,5558323.0,480615.0,2025,3
3047,-0.5,-89201.0,-191149.0,2940066.0,839550.0,2025,3
3048,1.14,1305703.0,308181.0,84240079.0,2844185.0,2025,3
3049,-0.66,-542801.0,-538617.0,1017424.0,-379766.0,2025,3
3050,0.02,42276.0,19110.0,936563.0,328693.0,2025,3
3051,0.55,185380.0,91811.0,1356093.0,432250.0,2025,3
3052,0.95,232077.0,196654.0,2644422.0,363297.0,2025,3
3054,0.66,-25746.0,53449.0,101642.0,24276.0,2025,3
3055,-1.73,-191938.0,-211729.0,370955.0,59245.0,2025,3
3056,1.08,596399.0,520201.0,3769082.0,832434.0,2025,3
3057,-0.24,-99348.0,-14368.0,417472.0,144162.0,2025,3
3058,-0.51,-204988.0,-109404.0,2367977.0,276490.0,2025,3
3059,0.98,411323.0,440937.0,6511511.0,1736404.0,2025,3
3060,-0.46,-6632.0,-55636.0,2706129.0,317186.0,2025,3
3062,1.47,-379692.0,477907.0,3048765.0,177842.0,2025,3
3090,4.21,1175526.0,901264.0,11912439.0,1901644.0,2025,3
3092,-4.31,-487506.0,-470870.0,1249972.0,65992.0,2025,3
3094,0.16,3146.0,13583.0,145466.0,110823.0,2025,3
3130,11.96,435299.0,396856.0,2012322.0,1740159.0,2025,3
3135,1.5,176736.0,102274.0,5143000.0,284066.0,2025,3
3138,0.37,36179.0,17121.0,1225416.0,495128.0,2025,3
3149,-2.24,-411007.0,-463538.0,1628602.0,-159445.0,2025,3
3150,0.19,4762.0,8492.0,251475.0,114437.0,2025,3
3164,0.38,45986.0,25679.0,300525.0,188958.0,2025,3
3167,5.45,633965.0,480060.0,3529065.0,1336674.0,2025,3
3168,1.94,230369.0,180019.0,2584845.0,642903.0,2025,3
3189,2.1,1749080.0,1779400.0,28539658.0,5921014.0,2025,3
3209,1.58,822256.0,358047.0,35455247.0,1934738.0,2025,3
3229,-0.56,-17523.0,-35950.0,733978.0,35158.0,2025,3
3231,6.43,53079772.0,41427049.0,1465581803.0,93473899.0,2025,3
3257,2.65,244248.0,211442.0,814118.0,420078.0,2025,3
3266,0.24,79166.0,86730.0,973971.0,267972.0,2025,3
3296,0.69,42391.0,66587.0,1196516.0,260848.0,2025,3
3305,2.57,547564.0,335444.0,7691399.0,1017060.0,2025,3
3308,0.23,-21450.0,13598.0,4935.0,2984.0,2025,3
3311,1.15,37873.0,84592.0,1814271.0,226030.0,2025,3
3312,0.57,372672.0,57527.0,16111506.0,833488.0,2025,3
3321,-2.52,-104419.0,-133992.0,1620177.0,97002.0,2025,3
3338,1.44,131927.0,125811.0,2797244.0,528522.0,2025,3
3346,-0.61,7950.0,-73463.0,6341470.0,687641.0,2025,3
3356,3.16,22907.0,252198.0,743135.0,375511.0,2025,3
3376,1.23,251919.0,241383.0,8395360.0,1228083.0,2025,3
3380,-0.37,-211633.0,-220360.0,16054783.0,2715453.0,2025,3
3406,22.41,3306442.0,2528393.0,17837292.0,5675524.0,2025,3
3413,16.22,2490157.0,1813348.0,15614386.0,3991659.0,2025,3
3416,5.3,510836.0,417834.0,2634248.0,1063316.0,2025,3
3419,-1.36,-171149.0,-163374.0,1382164.0,154381.0,2025,3
3432,-0.59,-22458.0,-24813.0,100962.0,17230.0,2025,3
3437,-2.03,-345064.0,-302280.0,1226784.0,53637.0,2025,3
3443,19.48,3093099.0,2609908.0,21741329.0,6092600.0,2025,3
3447,1.28,96955.0,98674.0,2665489.0,325042.0,2025,3
3450,3.48,1270829.0,890737.0,6462646.0,1989576.0,2025,3
3481,0.03,-2991901.0,599634.0,169981987.0,13505912.0,2025,3
3494,-1.12,-86281.0,-122493.0,725357.0,94308.0,2025,3
3501,2.59,354294.0,305730.0,4288461.0,874399.0,2025,3
3504,-0.02,-74091.0,-1864.0,2001704.0,323995.0,2025,3
3515,11.25,1975432.0,1709132.0,34124996.0,4729141.0,2025,3
3518,-0.93,-111041.0,-90637.0,243974.0,23462.0,2025,3
3528,0.27,382645.0,17898.0,6095713.0,642428.0,2025,3
3530,0.47,55648.0,36172.0,1270713.0,312069.0,2025,3
3532,0.8,696919.0,310541.0,9065551.0,1437427.0,2025,3
3533,47.64,7573800.0,5378183.0,24523525.0,12560903.0,2025,3
3535,-1.74,-120550.0,-137214.0,214244.0,97796.0,2025,3
3543,-1.16,-134311.0,-138950.0,2453659.0,283114.0,2025,3
3545,1.55,68140.0,330322.0,9150930.0,2383082.0,2025,3
3550,-0.69,-88207.0,-63395.0,2622757.0,387825.0,2025,3
3557,-0.27,113247.0,-22691.0,3351734.0,1149073.0,2025,3
3563,13.28,963907.0,783580.0,2527924.0,1558245.0,2025,3
3576,-0.63,-1138538.0,-1020233.0,2427523.0,-547573.0,2025,3
3583,9.71,1149367.0,798695.0,8556883.0,2764036.0,2025,3
3588,0.37,22939.0,22538.0,1014777.0,352783.0,2025,3
3591,-0.21,18978.0,-22732.0,1755031.0,371242.0,2025,3
3592,14.09,1250376.0,1068608.0,17103208.0,4849550.0,2025,3
3593,-1.8,-82532.0,-100410.0,895220.0,19606.0,2025,3
3596,9.52,2679367.0,2093900.0,39973022.0,6098170.0,2025,3
3605,3.51,459555.0,527136.0,8152407.0,2102133.0,2025,3
3607,0.04,-43227.0,5288.0,2145653.0,231172.0,2025,3
3617,11.6,1636993.0,1095749.0,9106558.0,4940115.0,2025,3
3622,4.89,409510.0,777907.0,1294620.0,595713.0,2025,3
3645,0.94,190501.0,119752.0,1814703.0,462534.0,2025,3
3652,0.94,94393.0,70704.0,1826261.0,638050.0,2025,3
3653,26.92,4849831.0,3872451.0,15003209.0,6259259.0,2025,3
3661,50.89,3801796.0,4109517.0,26198712.0,6156880.0,2025,3
3665,32.49,8824264.0,6265755.0,51467308.0,16288920.0,2025,3
3669,0.27,62783.0,25228.0,1877686.0,1107919.0,2025,3
3673,2.56,825917.0,1037637.0,48435103.0,3111480.0,2025,3
3679,6.15,784797.0,386456.0,3442426.0,1138098.0,2025,3
3686,-0.31,-19952.0,-23412.0,61828.0,-545.0,2025,3
3694,3.27,469591.0,498734.0,8861158.0,1277687.0,2025,3
3701,1.11,162019.0,278852.0,7674182.0,1392959.0,2025,3
3702,4.07,14540414.0,7514500.0,743753191.0,28668551.0,2025,3
3703,0.92,764595.0,689556.0,22119199.0,2430292.0,2025,3
3704,1.13,778018.0,468159.0,19639287.0,5013684.0,2025,3
3705,2.31,995866.0,662339.0,6216359.0,2703175.0,2025,3
3706,3.68,4164090.0,5074369.0,75051207.0,8919281.0,2025,3
3708,0.53,-217541.0,-186542.0,752966.0,90317.0,2025,3
3711,5.99,33065080.0,26828051.0,467472473.0,79456998.0,2025,3
3712,-19.78,-14327257.0,-15288681.0,25887350.0,-12936746.0,2025,3
3714,-2.62,-2168542.0,-1946497.0,16975085.0,1402392.0,2025,3
3715,2.4,974155.0,688326.0,14025116.0,2797696.0,2025,3
3716,1.87,344410.0,236963.0,6424291.0,2492824.0,2025,3
3717,-0.29,-7917.0,-59714.0,4222725.0,589442.0,2025,3
4104,3.57,561032.0,735350.0,6508678.0,1381093.0,2025,3
4106,0.92,116887.0,93182.0,1779851.0,822848.0,2025,3
4108,-0.21,-132440.0,-79591.0,101432.0,35235.0,2025,3
4119,0.57,112443.0,68516.0,988248.0,251428.0,2025,3
4133,-0.19,11941.0,-11690.0,267360.0,116615.0,2025,3
4137,5.3,506101.0,437116.0,2775599.0,2277443.0,2025,3
4142,-1.09,-531835.0,-530544.0,656039.0,-80976.0,2025,3
4148,1.75,219375.0,147488.0,2117258.0,593360.0,2025,3
4155,0.2,51377.0,37982.0,1218713.0,336010.0,2025,3
4164,0.64,216347.0,120132.0,3188836.0,766494.0,2025,3
4169,0.4,25276.0,23589.0,510503.0,239643.0,2025,3
4178,-0.67,-157505.0,-128274.0,281702.0,101468.0,2025,3
4190,-1.8,-116800.0,-106566.0,1673545.0,1052181.0,2025,3
4195,-0.2,-70722.0,-36103.0,488314.0,161503.0,2025,3
4306,0.25,291053.0,224712.0,9536315.0,1465446.0,2025,3
4414,0.02,359151.0,4759.0,10367896.0,2027792.0,2025,3
4426,-2.33,-275777.0,-401664.0,651557.0,-107272.0,2025,3
4438,3.43,877344.0,363775.0,14831960.0,2179634.0,2025,3
4439,7.71,407644.0,293174.0,5624334.0,1040594.0,2025,3
4440,0.54,42849.0,36463.0,751060.0,73556.0,2025,3
4441,11.38,888478.0,695769.0,5683627.0,1279249.0,2025,3
4526,2.61,-415971.0,652465.0,3983385.0,740165.0,2025,3
4532,1.5,1072013.0,810492.0,15924032.0,2630790.0,2025,3
4536,12.08,1524864.0,1187745.0,7333835.0,2639540.0,2025,3
4540,-1.08,-289730.0,-120410.0,1788790.0,118887.0,2025,3
4545,0.03,47637.0,2406.0,1828617.0,281437.0,2025,3
4551,3.64,804621.0,419372.0,5775281.0,1334081.0,2025,3
4552,1.72,247087.0,200043.0,2613869.0,507830.0,2025,3
4555,-0.02,37630.0,9832.0,1207578.0,369112.0,2025,3
4557,-2.24,-88498.0,-105088.0,3028649.0,903109.0,2025,3
4560,2.16,192888.0,147167.0,1259834.0,458790.0,2025,3
4562,-0.76,-48624.0,-68264.0,579242.0,217843.0,2025,3
4564,-1.54,-281932.0,-345887.0,831367.0,-168754.0,2025,3
4566,0.76,177023.0,60798.0,3759798.0,826262.0,2025,3
4569,3.23,141957.0,99113.0,1380680.0,312508.0,2025,3
4571,7.33,396444.0,379729.0,2334360.0,760768.0,2025,3
4572,1.99,102614.0,79482.0,507219.0,174258.0,2025,3
4576,1.26,224338.0,164718.0,1959080.0,700750.0,2025,3
4581,3.91,153076.0,132466.0,828788.0,284297.0,2025,3
4582,0.18,62106.0,11678.0,821767.0,199616.0,2025,3
4583,8.37,710664.0,671348.0,2236022.0,1173749.0,2025,3
4585,0.81,83708.0,73204.0,1346741.0,688354.0,2025,3
4588,1.88,108203.0,80904.0,620271.0,198543.0,2025,3
4590,0.67,3130.0,34290.0,1008349.0,290418.0,2025,3
4720,0.55,93011.0,64785.0,2656387.0,611906.0,2025,3
4722,1.33,188841.0,133927.0,2859429.0,472186.0,2025,3
4736,11.17,776912.0,1083091.0,3175824.0,1529103.0,2025,3
4737,-1.31,-94280.0,-87774.0,1411625.0,458918.0,2025,3
4739,0.54,271637.0,12019.0,4264505.0,561363.0,2025,3
4746,2.44,524477.0,269948.0,3547171.0,1489701.0,2025,3
4755,2.39,364646.0,233908.0,3585863.0,772619.0,2025,3
4763,4.94,5557207.0,4904672.0,10461457.0,6151953.0,2025,3
4764,0.62,104554.0,54666.0,2064244.0,380319.0,2025,3
4766,15.6,2857451.0,2023577.0,17270158.0,5915207.0,2025,3
4770,8.4,851297.0,672006.0,3675232.0,1257678.0,2025,3
4771,9.2,729069.0,578274.0,2536498.0,1033024.0,2025,3
4807,-0.56,3276.0,-11094.0,1606543.0,212936.0,2025,3
4904,2.79,12705417.0,10138505.0,77661706.0,24553906.0,2025,3
4906,-0.45,115686.0,-200441.0,12908167.0,1769953.0,2025,3
4912,2.73,222432.0,187237.0,4377863.0,929992.0,2025,3
4915,4.76,2220433.0,2184910.0,45238950.0,7790746.0,2025,3
4916,1.14,204294.0,117848.0,2517850.0,517909.0,2025,3
4919,-2.31,-544507.0,-970654.0,23452171.0,8775716.0,2025,3
4927,-4.9,-900707.0,-1092204.0,8936413.0,207783.0,2025,3
4930,0.54,54067.0,114972.0,4698614.0,689991.0,2025,3
4934,-0.67,-322603.0,-274770.0,63602.0,-90925.0,2025,3
4935,1.03,104894.0,132897.0,4238288.0,633473.0,2025,3
4938,3.42,7171716.0,11724564.0,797632389.0,29444729.0,2025,3
4942,1.77,355950.0,252441.0,4416122.0,1002036.0,2025,3
4943,-1.51,-330252.0,-208530.0,1196251.0,-49724.0,2025,3
4949,1.48,140841.0,99493.0,1781227.0,627953.0,2025,3
4952,1.01,118594.0,110032.0,1669971.0,578017.0,2025,3
4956,-1.03,-94663.0,-103335.0,1028052.0,23622.0,2025,3
4958,3.79,8010669.0,6001808.0,125651516.0,23306327.0,2025,3
4960,-2.11,-917870.0,-1200455.0,6391052.0,-203140.0,2025,3
4961,8.08,1245616.0,1369814.0,14008997.0,4021360.0,2025,3
4967,3.47,372116.0,295060.0,14079501.0,1486875.0,2025,3
4968,1.37,158773.0,126148.0,2809730.0,990940.0,2025,3
4976,-1.39,-180557.0,-192974.0,786873.0,-40058.0,2025,3
4977,3.53,56886.0,278745.0,823690.0,203267.0,2025,3
4989,-3.34,-440153.0,-460237.0,1863608.0,-345906.0,2025,3
4994,1.71,141082.0,113443.0,894349.0,600635.0,2025,3
4999,-1.35,-32997.0,-99519.0,1440467.0,222077.0,2025,3
5007,2.04,702278.0,601224.0,4697774.0,1085532.0,2025,3
5203,2.58,250570.0,204094.0,1806363.0,1532566.0,2025,3
5215,1.4,131602.0,104416.0,1924564.0,460643.0,2025,3
5222,1.89,176007.0,169792.0,691425.0,357693.0,2025,3
5225,9.66,740827.0,751922.0,8853695.0,1543630.0,2025,3
5234,5.33,636518.0,547958.0,3443387.0,1389906.0,2025,3
5236,6.47,439319.0,388475.0,1535870.0,881363.0,2025,3
5243,3.37,760514.0,567781.0,9188905.0,1969811.0,2025,3
5244,0.64,64313.0,43689.0,614675.0,264416.0,2025,3
5258,1.56,340869.0,193464.0,5545003.0,1928068.0,2025,3
5269,52.62,3152288.0,3926271.0,9894249.0,5202040.0,2025,3
5283,4.23,444680.0,370391.0,5017457.0,1751263.0,2025,3
5284,9.16,522644.0,464931.0,2600281.0,934940.0,2025,3
5285,1.0,169773.0,102469.0,4087099.0,524946.0,2025,3
5288,8.74,696446.0,604564.0,5000312.0,1118236.0,2025,3
5292,6.88,354757.0,289606.0,2118443.0,487267.0,2025,3
5306,6.27,827778.0,789643.0,3636912.0,1603186.0,2025,3
5388,3.15,1213121.0,939128.0,38316510.0,6284961.0,2025,3
5434,15.45,3377504.0,2973219.0,50284890.0,6347044.0,2025,3
5469,4.93,4879959.0,3732548.0,41848549.0,8573370.0,2025,3
5471,0.5,94810.0,84428.0,1987443.0,823818.0,2025,3
5484,-0.69,-65379.0,-45914.0,329308.0,73128.0,2025,3
5515,2.91,514678.0,586896.0,5041511.0,810622.0,2025,3
5519,4.31,1170565.0,943961.0,4456678.0,1463638.0,2025,3
5521,0.37,167070.0,182472.0,7020993.0,451240.0,2025,3
5522,1.74,2041562.0,1356442.0,9652712.0,3356343.0,2025,3
5525,-0.24,-85580.0,-72294.0,348262.0,160673.0,2025,3
5531,-0.13,-568332.0,-253863.0,903657.0,193662.0,2025,3
5533,0.42,130855.0,120143.0,928708.0,273009.0,2025,3
5534,2.24,1164226.0,860757.0,3221094.0,1450881.0,2025,3
5538,2.27,535589.0,457924.0,9404202.0,1170122.0,2025,3
5546,-1.06,-78750.0,-110914.0,1594746.0,113342.0,2025,3
5607,2.13,1140958.0,787526.0,2997909.0,1519108.0,2025,3
5608,-0.14,-157285.0,-106377.0,2326526.0,62775.0,2025,3
5706,2.69,171041.0,229012.0,2387833.0,353000.0,2025,3
5871,8.45,20157357.0,15756448.0,73418897.0,48451214.0,2025,3
5906,0.78,26360.0,24285.0,1196845.0,670827.0,2025,3
5907,-3.04,-218230.0,-593798.0,2045528.0,1744824.0,2025,3
6108,-0.91,-199679.0,-143318.0,3153160.0,215211.0,2025,3
6112,1.2,351562.0,243036.0,16234438.0,2266858.0,2025,3
6115,2.03,576487.0,377063.0,5613811.0,918200.0,2025,3
6116,-0.46,-2335376.0,-1306686.0,8664431.0,-1225698.0,2025,3
6117,2.21,334500.0,202485.0,2390901.0,724499.0,2025,3
6120,-0.17,-183484.0,-113243.0,13051880.0,632543.0,2025,3
6128,-9.5,125187.0,-1212032.0,3954298.0,1548743.0,2025,3
6133,0.35,85724.0,41286.0,1007172.0,232200.0,2025,3
6136,0.95,-19708.0,104724.0,458472.0,129832.0,2025,3
6139,17.33,5963314.0,5049448.0,51623496.0,7303806.0,2025,3
6141,-1.99,-146154.0,-289297.0,1376632.0,141353.0,2025,3
6142,-0.17,-113251.0,-55229.0,1426955.0,162083.0,2025,3
6152,-1.22,-229562.0,-204822.0,1113629.0,157766.0,2025,3
6153,-2.86,-1717525.0,-1801706.0,4204161.0,-930308.0,2025,3
6155,0.41,26775.0,36107.0,475617.0,117607.0,2025,3
6164,0.02,14788.0,1449.0,575641.0,199786.0,2025,3
6165,3.02,268170.0,236304.0,2406888.0,698925.0,2025,3
6166,1.52,454397.0,321069.0,8684837.0,3075149.0,2025,3
6168,0.04,8096.0,1271.0,1573074.0,421370.0,2025,3
6176,7.41,4779029.0,3428688.0,37153779.0,7984012.0,2025,3
6177,-0.22,61076.0,-93767.0,2747809.0,417714.0,2025,3
6183,3.02,527394.0,453047.0,1956978.0,865512.0,2025,3
6184,2.57,468077.0,389434.0,1617945.0,854390.0,2025,3
6189,1.82,1163686.0,550829.0,22594924.0,1997114.0,2025,3
6191,5.02,2792043.0,2375600.0,24393164.0,4878500.0,2025,3
6192,7.66,927006.0,737928.0,5341299.0,1795404.0,2025,3
6196,12.0,1626785.0,2412423.0,36923976.0,4107116.0,2025,3
6197,6.1,1127117.0,794922.0,5729212.0,1919285.0,2025,3
6201,3.06,320088.0,273192.0,2587284.0,619894.0,2025,3
6202,0.62,88218.0,149124.0,2375121.0,900306.0,2025,3
6205,1.51,141865.0,123259.0,1076228.0,430860.0,2025,3
6206,5.33,1016041.0,744215.0,3948535.0,1730269.0,2025,3
6209,0.49,89345.0,85224.0,2429297.0,450916.0,2025,3
6213,2.98,1755417.0,1081944.0,24181597.0,3523803.0,2025,3
6214,5.42,1309218.0,1597668.0,32597234.0,6826091.0,2025,3
6215,1.27,121457.0,105323.0,1794488.0,437618.0,2025,3
6216,0.4,63915.0,38902.0,606331.0,278308.0,2025,3
6224,0.98,45649.0,36437.0,2170777.0,649018.0,2025,3
6225,-0.19,-4838.0,-5282.0,32158.0,12459.0,2025,3
6226,-0.17,-38451.0,-19184.0,464557.0,132370.0,2025,3
6230,-1.3,-77476.0,-111986.0,6608204.0,962767.0,2025,3
6235,2.35,477345.0,469155.0,4854404.0,1265969.0,2025,3
6239,4.96,5435373.0,4888716.0,53522285.0,8737880.0,2025,3
6243,-0.32,20351.0,-14234.0,506947.0,218843.0,2025,3
6257,3.94,2903904.0,2156091.0,14317535.0,4157722.0,2025,3
6269,-5.09,-2461205.0,-1632227.0,16763695.0,238587.0,2025,3
6271,5.41,1202836.0,1133619.0,8725492.0,2372391.0,2025,3
6272,2.94,316988.0,227753.0,3061912.0,830059.0,2025,3
6277,2.29,383720.0,280905.0,3538707.0,2086562.0,2025,3
6278,6.9,2722212.0,2018855.0,37790010.0,4807106.0,2025,3
6281,3.05,373305.0,302190.0,14679560.0,2854896.0,2025,3
6282,-0.38,355235.0,-336664.0,22529129.0,5723564.0,2025,3
6283,-0.2,-47487.0,-36233.0,1419510.0,202782.0,2025,3
6285,4.35,2672509.0,2075584.0,83235287.0,9956359.0,2025,3
6405,-1.03,-83401.0,-68036.0,697.0,-22822.0,2025,3
6409,34.16,3361426.0,2987390.0,15883447.0,4613914.0,2025,3
6412,4.03,1856906.0,1613273.0,26608921.0,4537622.0,2025,3
6414,17.04,2539502.0,6396865.0,102776263.0,21025556.0,2025,3
6415,4.31,1397028.0,1712974.0,13420530.0,6950418.0,2025,3
6416,2.91,263550.0,210871.0,3136716.0,733773.0,2025,3
6426,-1.08,-32906.0,-41525.0,347369.0,95396.0,2025,3
6431,-1.44,-116582.0,-132074.0,262995.0,46563.0,2025,3
6438,4.17,412297.0,329670.0,4852485.0,1148673.0,2025,3
6442,13.87,1731094.0,1045931.0,7527529.0,4351832.0,2025,3
6443,-1.9,-772830.0,-976125.0,1452395.0,-542593.0,2025,3
6446,9.66,3366751.0,3568885.0,10753539.0,9612891.0,2025,3
6449,4.81,586930.0,403594.0,3204982.0,1092205.0,2025,3
6451,-0.64,-22569.0,-53939.0,5462405.0,787668.0,2025,3
6456,-0.37,-168834.0,-125270.0,50368778.0,3418288.0,2025,3
6464,4.16,887823.0,529554.0,3280179.0,1663397.0,2025,3
6472,21.34,2737205.0,4020299.0,14153515.0,6080753.0,2025,3
6477,0.12,150862.0,25280.0,652899.0,236009.0,2025,3
6491,15.38,1290173.0,1216447.0,5108998.0,2662974.0,2025,3
6504,-2.15,120171.0,-156335.0,4906015.0,595591.0,2025,3
6505,0.5,5619904.0,4762909.0,482344031.0,13915932.0,2025,3
6515,33.4,1594925.0,1189534.0,5623525.0,2625019.0,2025,3
6525,4.38,804302.0,565426.0,3991402.0,1093619.0,2025,3
6526,14.0,2430493.0,2292431.0,16375321.0,8424559.0,2025,3
6531,3.03,826890.0,490014.0,3798394.0,1702150.0,2025,3
6533,-7.68,-361177.0,-388933.0,1017301.0,1016518.0,2025,3
6534,4.09,581483.0,420001.0,1490807.0,1261820.0,2025,3
6541,-4.53,-1014615.0,-1079620.0,222018.0,-196998.0,2025,3
6550,-2.91,-2146550.0,-2263425.0,34584.0,-155997.0,2025,3
6552,-3.5,-389526.0,-290871.0,1143002.0,-262525.0,2025,3
6558,-0.45,-28900.0,-41552.0,828244.0,168588.0,2025,3
6573,1.61,-92198.0,129284.0,642539.0,56577.0,2025,3
6579,3.44,483112.0,504682.0,6365753.0,2130112.0,2025,3
6581,4.45,617572.0,495620.0,1628410.0,827923.0,2025,3
6582,-0.19,-148202.0,-19825.0,695795.0,-30848.0,2025,3
6585,3.81,373206.0,274056.0,2119033.0,687559.0,2025,3
6589,-1.94,-537800.0,-588170.0,641534.0,68096.0,2025,3
6591,4.65,234935.0,177009.0,1370569.0,487209.0,2025,3
6592,3.16,2929833.0,2430904.0,17939839.0,10824756.0,2025,3
6598,-1.33,-154451.0,-136932.0,358704.0,212339.0,2025,3
6605,8.84,2425765.0,1465453.0,14418603.0,4514776.0,2025,3
6606,0.76,135657.0,84541.0,599929.0,245468.0,2025,3
6614,0.87,76072.0,63125.0,3248090.0,405537.0,2025,3
6625,6.5,384340.0,360543.0,2977448.0,576419.0,2025,3
6641,0.11,-9298.0,477.0,1277930.0,398722.0,2025,3
6645,-1.96,-116501.0,-119895.0,372248.0,55046.0,2025,3
6655,2.48,276558.0,196659.0,1870910.0,919523.0,2025,3
6657,-2.19,-205862.0,-193610.0,4859.0,3814.0,2025,3
6658,0.36,60651.0,2879.0,1580817.0,348020.0,2025,3
6666,2.63,133863.0,118988.0,853680.0,560731.0,2025,3
6668,-1.11,-126353.0,-112755.0,804179.0,147375.0,2025,3
6669,200.85,47451645.0,37326652.0,658222829.0,57324557.0,2025,3
6670,14.55,3033937.0,2218786.0,20946226.0,5212976.0,2025,3
6671,1.65,138075.0,104957.0,1464149.0,557874.0,2025,3
6672,3.46,282278.0,247259.0,3157981.0,1017762.0,2025,3
6674,-0.98,-79429.0,-65957.0,473894.0,164078.0,2025,3
6689,1.15,17307.0,52477.0,9399707.0,930129.0,2025,3
6691,16.64,2522560.0,2006302.0,15377229.0,2906818.0,2025,3
6695,-1.86,-196218.0,-178637.0,843640.0,322524.0,2025,3
6698,-1.45,9910.0,-48805.0,804570.0,214517.0,2025,3
6706,-3.69,-241741.0,-289605.0,778316.0,128571.0,2025,3
6715,1.17,114532.0,60726.0,1233545.0,451765.0,2025,3
6719,4.25,487851.0,447882.0,3391734.0,1179351.0,2025,3
6722,2.02,165437.0,157660.0,3822042.0,788517.0,2025,3
6742,-1.5,-90202.0,-105945.0,436954.0,-6097.0,2025,3
6743,0.39,330823.0,57562.0,4137065.0,776907.0,2025,3
6753,3.74,588257.0,424080.0,3544805.0,699214.0,2025,3
6754,2.29,177642.0,150957.0,2731586.0,607621.0,2025,3
6756,0.71,-70096.0,32295.0,1141731.0,559211.0,2025,3
6757,4.28,2498259.0,1969086.0,12587342.0,3584073.0,2025,3
6768,5.32,1396818.0,1061489.0,15424539.0,3135863.0,2025,3
6770,-1.71,-5240729.0,-7158577.0,34234871.0,-2331326.0,2025,3
6771,3.16,128122.0,97728.0,477831.0,228464.0,2025,3
6776,3.18,320677.0,250269.0,21243408.0,1247796.0,2025,3
6781,28.71,2897353.0,2452306.0,11539900.0,4229809.0,2025,3
6782,10.1,841356.0,636303.0,3155630.0,1409058.0,2025,3
6789,2.8,909204.0,888889.0,6649364.0,1597485.0,2025,3
6790,2.23,710156.0,596566.0,8097291.0,1989671.0,2025,3
6792,1.89,110492.0,88400.0,1024917.0,331955.0,2025,3
6794,-1.42,-93991.0,-85091.0,23748.0,15873.0,2025,3
6796,-0.68,-13344.0,-26040.0,441057.0,187222.0,2025,3
6799,2.29,158330.0,96949.0,729501.0,352307.0,2025,3
6805,20.04,1655153.0,1373798.0,8437779.0,2115461.0,2025,3
6807,3.77,247791.0,203642.0,3197376.0,594179.0,2025,3
6830,-0.64,30182.0,-33014.0,1586453.0,347013.0,2025,3
6831,3.14,345219.0,188100.0,2762686.0,649043.0,2025,3
6834,0.24,46795.0,21513.0,1100243.0,202175.0,2025,3
6835,0.92,149724.0,61061.0,1857955.0,424890.0,2025,3
6838,-0.24,-131231.0,-35652.0,6269.0,-2106.0,2025,3
6854,-3.06,-221156.0,-350333.0,864023.0,307631.0,2025,3
6861,2.52,95928.0,104655.0,1642421.0,440023.0,2025,3
6862,6.02,464628.0,300817.0,1762422.0,720170.0,2025,3
6863,2.95,365837.0,221224.0,2889158.0,772384.0,2025,3
6869,1.57,71901.0,217842.0,5490773.0,522648.0,2025,3
6873,1.57,446725.0,209743.0,5405681.0,1366906.0,2025,3
6885,-2.08,-266837.0,-278867.0,2905.0,1335.0,2025,3
6887,2.54,183530.0,182604.0,3345020.0,727841.0,2025,3
6890,9.16,2739411.0,2411605.0,29027393.0,4679468.0,2025,3
6901,-1.36,-1199266.0,-1160104.0,-1089714.0,-1089714.0,2025,3
6902,0.23,26337.0,7685.0,747564.0,658672.0,2025,3
6906,0.56,18094.0,18448.0,229268.0,196438.0,2025,3
6908,1.05,61309.0,54871.0,3722563.0,444850.0,2025,3
6909,0.04,12447.0,2818.0,336186.0,191725.0,2025,3
6914,7.38,681126.0,488944.0,4222063.0,935916.0,2025,3
6916,-0.98,-59881.0,-65302.0,1519986.0,359499.0,2025,3
6918,4.05,158394.0,130513.0,620978.0,431546.0,2025,3
6919,-0.28,-586542.0,-432108.0,25627.0,17513.0,2025,3
6921,0.21,13645.0,6210.0,150295.0,86353.0,2025,3
6923,2.08,261694.0,190652.0,859962.0,322625.0,2025,3
6924,3.23,94512.0,67374.0,1266695.0,268068.0,2025,3
6928,-0.1,-30490.0,-8179.0,1629408.0,412166.0,2025,3
6931,0.78,35118.0,51581.0,824924.0,101161.0,2025,3
6933,3.69,169099.0,155769.0,5238794.0,622342.0,2025,3
6934,-4.17,-124527.0,-133062.0,17754.0,-28655.0,2025,3
6936,1.19,107760.0,83605.0,1043437.0,327813.0,2025,3
6937,1.92,84141.0,127795.0,1522989.0,594719.0,2025,3
6944,22.26,2120728.0,1612956.0,11557270.0,2542751.0,2025,3
6949,-4.65,-293185.0,-285438.0,25355.0,-5739.0,2025,3
6951,4.26,241909.0,196032.0,611463.0,357617.0,2025,3
6952,-1.72,-1753.0,-103936.0,1395521.0,238309.0,2025,3
6955,2.93,73539.0,72688.0,224075.0,175241.0,2025,3
6957,5.41,333122.0,295443.0,2673591.0,991521.0,2025,3
6958,-1.71,-1214463.0,-687397.0,8254462.0,2548046.0,2025,3
6962,2.6,1733801.0,1233005.0,14355224.0,4360142.0,2025,3
6965,2.94,371504.0,464335.0,16722517.0,1935756.0,2025,3
6969,-0.24,6443.0,-9167.0,229807.0,70757.0,2025,3
6988,-0.21,-7464.0,-9924.0,600863.0,176874.0,2025,3
6994,1.13,163526.0,84392.0,1529978.0,283695.0,2025,3
7610,1.75,102547.0,75069.0,889160.0,176873.0,2025,3
7631,3.07,70966.0,58501.0,633512.0,182336.0,2025,3
7705,1.35,123519.0,89117.0,4864101.0,1722717.0,2025,3
7711,9.3,589206.0,562088.0,17510549.0,1382500.0,2025,3
7721,0.4,24235.0,20900.0,367835.0,254433.0,2025,3
7722,6.06,496185.0,411848.0,5693726.0,1906051.0,2025,3
7730,0.84,47717.0,29000.0,355595.0,156214.0,2025,3
7732,1.3,119074.0,84561.0,876819.0,261591.0,2025,3
7736,3.4,234557.0,251297.0,1278163.0,379741.0,2025,3
7740,3.22,112060.0,138584.0,1159065.0,295916.0,2025,3
7749,9.12,444909.0,393464.0,1142713.0,890737.0,2025,3
7750,22.8,1939993.0,1445340.0,10265482.0,4693933.0,2025,3
7760,0.63,43195.0,31403.0,978866.0,354945.0,2025,3
7765,8.52,387834.0,317140.0,1469233.0,681517.0,2025,3
7768,2.43,260711.0,149729.0,1510624.0,766645.0,2025,3
7769,53.54,10942027.0,8650627.0,20995036.0,12261186.0,2025,3
7780,3.44,164394.0,213223.0,1238978.0,804444.0,2025,3
7786,9.06,1920069.0,1418203.0,8397423.0,2145421.0,2025,3
7788,2.18,403908.0,159317.0,4763059.0,1304823.0,2025,3
7791,5.38,322057.0,376255.0,2070171.0,720318.0,2025,3
7795,2.0,265899.0,141342.0,1262895.0,549473.0,2025,3
7799,-2.82,-405974.0,-399101.0,5526.0,-17384.0,2025,3
7803,-1.71,-152798.0,-151939.0,139421.0,56388.0,2025,3
7818,3.83,937390.0,573687.0,9525014.0,2867872.0,2025,3
7821,1.76,194931.0,192472.0,5944434.0,1439282.0,2025,3
7822,8.86,428991.0,365904.0,1306481.0,809953.0,2025,3
7823,-2.01,-56006.0,-61850.0,251075.0,207210.0,2025,3
7827,-1.32,-114064.0,-158288.0,312223.0,312223.0,2025,3
8011,1.0,212691.0,198304.0,1557911.0,399753.0,2025,3
8016,10.3,1466590.0,1550585.0,13694527.0,4202117.0,2025,3
8021,1.69,399293.0,277664.0,3068827.0,893246.0,2025,3
8028,3.08,707776.0,531920.0,3290294.0,1127340.0,2025,3
8033,0.73,2135.0,108541.0,1079527.0,408206.0,2025,3
8039,1.33,383664.0,332845.0,7864257.0,1503850.0,2025,3
8045,0.43,63946.0,40205.0,999084.0,344275.0,2025,3
8046,1.15,1019461.0,744916.0,29008401.0,2248879.0,2025,3
8070,1.49,1595957.0,1534571.0,14241081.0,2649144.0,2025,3
8072,0.57,40312.0,52308.0,906438.0,155972.0,2025,3
8081,13.05,1346938.0,1134878.0,6621436.0,2598584.0,2025,3
8101,-2.53,-68007.0,-72777.0,306436.0,58883.0,2025,3
8103,2.47,346441.0,221805.0,2463503.0,906272.0,2025,3
8104,0.14,164571.0,56848.0,3024672.0,474559.0,2025,3
8105,-0.56,-157052.0,-249418.0,6467356.0,351384.0,2025,3
8110,1.29,-241484.0,533728.0,5325555.0,58803.0,2025,3
8112,1.62,2573773.0,1044819.0,156194600.0,4178650.0,2025,3
8114,15.84,4045698.0,3065384.0,15252322.0,7516877.0,2025,3
8131,0.46,287065.0,201297.0,6966995.0,557899.0,2025,3
8150,-0.01,507133.0,-4559.0,17411824.0,1656928.0,2025,3
8162,1.53,127437.0,104909.0,986649.0,272974.0,2025,3
8163,0.46,-98812.0,-106497.0,18888800.0,3009526.0,2025,3
8201,-0.33,-23116.0,-20378.0,339342.0,86111.0,2025,3
8210,20.45,3422182.0,2552094.0,15261339.0,4602355.0,2025,3
8213,1.77,690143.0,470763.0,13767453.0,1608543.0,2025,3
8215,-0.12,-41871.0,-29252.0,13518487.0,2106962.0,2025,3
8222,0.16,37786.0,11198.0,726406.0,124797.0,2025,3
8249,3.8,259466.0,402598.0,2760275.0,579178.0,2025,3
8261,4.05,599841.0,480174.0,2364204.0,880101.0,2025,3
8271,3.45,492243.0,453661.0,7986108.0,1348780.0,2025,3
8341,3.6,709351.0,551757.0,2948899.0,1292661.0,2025,3
8367,2.56,484271.0,328117.0,2378136.0,738654.0,2025,3
8374,0.7,247580.0,176504.0,3518874.0,876249.0,2025,3
8404,1.19,1035250.0,500817.0,5743434.0,2271367.0,2025,3
8411,-0.89,-135855.0,-196250.0,6782691.0,358447.0,2025,3
8422,10.47,1591585.0,1150852.0,3785488.0,2046005.0,2025,3
8429,0.07,-9310.0,13520.0,103987.0,18249.0,2025,3
8438,1.21,150599.0,84460.0,2796546.0,348469.0,2025,3
8442,3.46,401569.0,236228.0,5890808.0,1170526.0,2025,3
8443,-1.14,-79449.0,-76074.0,824110.0,475866.0,2025,3
8454,7.81,2204307.0,2071388.0,76991904.0,6913737.0,2025,3
8462,5.69,617003.0,448812.0,4428444.0,1381306.0,2025,3
8463,1.84,355247.0,409739.0,5383655.0,645454.0,2025,3
8464,15.83,6608880.0,4863463.0,22296942.0,13095134.0,2025,3
8466,0.0,58259.0,239.0,2481717.0,360694.0,2025,3
8467,9.42,555987.0,479565.0,2004766.0,859460.0,2025,3
8473,2.05,658389.0,425956.0,3603998.0,868201.0,2025,3
8476,0.47,102440.0,78156.0,919371.0,188593.0,2025,3
8478,10.64,952436.0,1000184.0,4160960.0,1634747.0,2025,3
8481,2.42,205560.0,161160.0,887150.0,428631.0,2025,3
8482,1.74,238654.0,180568.0,2567791.0,854786.0,2025,3
8487,3.02,94924.0,80020.0,802164.0,197296.0,2025,3
8488,-1.75,-97316.0,-128888.0,2158636.0,78217.0,2025,3
8499,6.34,409243.0,389661.0,1778752.0,779098.0,2025,3
8926,1.86,476087.0,1360710.0,5644100.0,794401.0,2025,3
8940,0.02,12219.0,1587.0,1107575.0,530626.0,2025,3
8996,5.62,680066.0,513579.0,4287892.0,1183376.0,2025,3
9802,4.26,1162862.0,850701.0,12719347.0,2337110.0,2025,3
9902,0.13,1364.0,13244.0,133982.0,20158.0,2025,3
9904,3.03,8815321.0,13432286.0,188630908.0,43669514.0,2025,3
9905,0.98,285703.0,292075.0,6370113.0,603985.0,2025,3
9906,-1.99,-154443.0,-179773.0,421362.0,84614.0,2025,3
9907,1.12,2765334.0,1740638.0,35982178.0,5316025.0,2025,3
9908,1.54,414391.0,840371.0,2551568.0,617782.0,2025,3
9910,3.65,5861931.0,3936126.0,62802526.0,14447841.0,2025,3
9911,4.57,1174683.0,1000496.0,7719192.0,2707602.0,2025,3
9912,-1.15,-59313.0,-69061.0,362614.0,148047.0,2025,3
9914,4.81,1734263.0,1502126.0,21795570.0,3275348.0,2025,3
9917,4.99,2320170.0,2259660.0,14083655.0,4673261.0,2025,3
9918,1.3,301618.0,231938.0,1601970.0,505331.0,2025,3
9919,-1.49,-371032.0,-290316.0,2004758.0,87846.0,2025,3
9921,2.31,1259415.0,1021912.0,47960028.0,9513000.0,2025,3
9924,2.14,606878.0,392712.0,5673622.0,1255488.0,2025,3
9925,2.04,580133.0,845611.0,6024547.0,2036304.0,2025,3
9926,2.3,380677.0,412040.0,1876869.0,517559.0,2025,3
9927,2.61,559870.0,432296.0,5914792.0,730663.0,2025,3
9928,-1.21,-114800.0,-85596.0,595922.0,11329.0,2025,3
9929,-0.19,-2369.0,-25670.0,472663.0,56628.0,2025,3
9930,3.85,1210123.0,970920.0,10465863.0,1610778.0,2025,3
9931,1.86,153158.0,230911.0,1167632.0,222062.0,2025,3
9933,-0.23,1810374.0,632752.0,67659529.0,6316001.0,2025,3
9934,-0.12,240099.0,-50995.0,13024452.0,4524218.0,2025,3
9935,1.01,398274.0,179801.0,3680150.0,944054.0,2025,3
9937,1.74,553776.0,539244.0,16999822.0,2052294.0,2025,3
9938,3.37,2172942.0,1252657.0,12008423.0,4377856.0,2025,3
9939,7.6,3146394.0,2349340.0,22899197.0,5186071.0,2025,3
9940,0.07,155890.0,63697.0,6809728.0,1434814.0,2025,3
9941,5.8,4290773.0,3458356.0,29739972.0,13233807.0,2025,3
9942,6.03,734448.0,501849.0,2978376.0,1162532.0,2025,3
9943,3.05,255720.0,260547.0,1817473.0,888904.0,2025,3
9944,-0.12,59378.0,5219.0,1760805.0,506247.0,2025,3
9945,2.68,4409419.0,9079103.0,25147881.0,6208841.0,2025,3
9946,-0.32,-66942.0,-105419.0,92959.0,46043.0,2025,3
9955,-0.37,-8409.0,-38568.0,1076697.0,98780.0,2025,3
9958,4.78,2439011.0,1875129.0,10904534.0,3126180.0,2025,3
2880,1.43,,19909862.0,,,2025,3
2881,6.23,,91023131.0,,,2025,3
2882,4.84,,74899429.0,,,2025,3
2883,1.09,,19052237.0,,,2025,3
2884,1.62,,26222723.0,,,2025,3
2885,2.0,,28730508.0,,,2025,3
2886,1.91,,28285399.0,,,2025,3
2887,1.3,,22633172.0,,,2025,3
2889,0.47,,2016751.0,,,2025,3
2890,1.57,,20725524.0,,,2025,3
2891,3.06,,61975957.0,,,2025,3
2892,1.51,,21698774.0,,,2025,3
5880,1.03,,16240627.0,,,2025,3
2816,2.67,759580.0,597413.0,8101135.0,,2025,3
2832,2.75,1148601.0,934061.0,5478572.0,,2025,3
2850,8.46,3215827.0,2674439.0,16170116.0,,2025,3
2851,2.0,1903430.0,1599235.0,15964282.0,,2025,3
2852,2.43,890257.0,731399.0,5681110.0,,2025,3
2867,0.16,460378.0,935503.0,58817770.0,,2025,3
1409,0.97,,1963213.0,,,2025,3
1718,0.19,,5260107.0,,,2025,3
2207,24.86,,16315379.0,,,2025,3
2905,0.53,,1377448.0,,,2025,3
