run_ts,stock_id,last_bar_date,close,proba_up,pick,forward_days,model_tag
2026-07-14T15:11:41,2330,2026-07-14,2420.0,0.5356,True,5,phase2-v1
2026-07-14T15:11:41,2454,2026-07-14,3660.0,0.3617,False,5,phase2-v1
2026-07-14T15:11:42,2308,2026-07-14,1855.0,0.5118,True,5,phase2-v1
2026-07-14T15:11:43,2317,2026-07-14,235.5,0.5216,True,5,phase2-v1
2026-07-14T15:11:43,3711,2026-07-14,641.0,0.5269,True,5,phase2-v1
2026-07-14T15:11:44,2303,2026-07-14,151.0,0.545,True,5,phase2-v1
2026-07-14T15:11:45,2327,2026-07-14,778.0,0.5503,True,5,phase2-v1
2026-07-14T15:11:47,2383,2026-07-14,4970.0,0.7656,True,5,phase2-v1
2026-07-14T15:11:49,3037,2026-07-14,874.0,0.5541,True,5,phase2-v1
2026-07-14T15:11:49,2891,2026-07-14,65.0,0.5912,True,5,phase2-v1
2026-07-15T14:26:53,2330,2026-07-15,2440.0,0.5454,True,5,phase2-v1
2026-07-15T14:26:54,2454,2026-07-15,3740.0,0.604,True,5,phase2-v1
2026-07-15T14:26:54,2308,2026-07-15,1890.0,0.2963,False,5,phase2-v1
2026-07-15T14:26:55,2317,2026-07-15,239.0,0.5755,True,5,phase2-v1
2026-07-15T14:26:55,3711,2026-07-15,683.0,0.5588,True,5,phase2-v1
2026-07-15T14:26:55,2303,2026-07-15,166.0,0.4007,False,5,phase2-v1
2026-07-15T14:26:56,2327,2026-07-15,798.0,0.2788,False,5,phase2-v1
2026-07-15T14:26:58,2383,2026-07-15,5080.0,0.8738,True,5,phase2-v1
2026-07-15T14:26:59,3037,2026-07-15,936.0,0.3963,False,5,phase2-v1
2026-07-15T14:26:59,2891,2026-07-15,63.5,0.5572,True,5,phase2-v1
2026-07-16T12:07:02,2330,2026-07-16,2470.0,0.5011,True,5,phase2-v1
2026-07-16T12:07:02,2454,2026-07-16,3700.0,0.8255,True,5,phase2-v1
2026-07-16T12:07:03,2308,2026-07-16,1905.0,0.3366,False,5,phase2-v1
2026-07-16T12:07:03,2317,2026-07-16,242.5,0.6065,True,5,phase2-v1
2026-07-16T12:07:03,3711,2026-07-16,682.0,0.4595,False,5,phase2-v1
2026-07-16T12:07:04,2303,2026-07-16,160.0,0.4742,False,5,phase2-v1
2026-07-16T12:07:05,2327,2026-07-16,776.0,0.5119,True,5,phase2-v1
2026-07-16T12:07:06,2383,2026-07-16,4990.0,0.7718,True,5,phase2-v1
2026-07-16T12:07:07,3037,2026-07-16,882.0,0.4675,False,5,phase2-v1
2026-07-16T12:07:07,2891,2026-07-16,63.0,0.5592,True,5,phase2-v1
2026-07-17T11:39:33,2330,2026-07-17,2290.0,0.5126,True,5,phase2-v1
2026-07-17T11:39:34,2454,2026-07-17,3370.0,0.7709,True,5,phase2-v1
2026-07-17T11:39:34,2308,2026-07-17,1740.0,0.586,True,5,phase2-v1
2026-07-17T11:39:34,2317,2026-07-17,234.0,0.6755,True,5,phase2-v1
2026-07-17T11:39:34,3711,2026-07-17,614.0,0.5082,True,5,phase2-v1
2026-07-17T11:39:35,2303,2026-07-17,144.0,0.4504,False,5,phase2-v1
2026-07-17T11:39:35,2327,2026-07-17,699.0,0.5288,True,5,phase2-v1
2026-07-17T11:39:36,2383,2026-07-17,4495.0,0.8316,True,5,phase2-v1
2026-07-17T11:39:37,3037,2026-07-17,794.0,0.5888,True,5,phase2-v1
2026-07-17T11:39:37,2891,2026-07-17,62.1,0.5492,True,5,phase2-v1
2026-07-20T12:26:58,2330,2026-07-20,2320.0,0.481,False,5,phase2-v1
2026-07-20T12:26:58,2454,2026-07-20,3340.0,0.7116,True,5,phase2-v1
2026-07-20T12:26:58,2308,2026-07-20,1705.0,0.6087,True,5,phase2-v1
2026-07-20T12:26:59,2317,2026-07-20,234.5,0.5594,True,5,phase2-v1
2026-07-20T12:26:59,3711,2026-07-20,597.0,0.3411,False,5,phase2-v1
2026-07-20T12:27:00,2303,2026-07-20,130.0,0.5314,True,5,phase2-v1
2026-07-20T12:27:00,2327,2026-07-20,630.0,0.6863,True,5,phase2-v1
2026-07-20T12:27:02,2383,2026-07-20,4395.0,0.4788,False,5,phase2-v1
2026-07-20T12:27:03,3037,2026-07-20,750.0,0.4388,False,5,phase2-v1
2026-07-20T12:27:03,2891,2026-07-20,61.5,0.5949,True,5,phase2-v1
2026-07-21T12:00:02,2330,2026-07-21,2410.0,0.5157,True,5,phase2-v1
2026-07-21T12:00:02,2454,2026-07-21,3670.0,0.4942,False,5,phase2-v1
2026-07-21T12:00:03,2308,2026-07-21,1835.0,0.4571,False,5,phase2-v1
2026-07-21T12:00:03,2317,2026-07-21,246.0,0.6255,True,5,phase2-v1
2026-07-21T12:00:03,3711,2026-07-21,633.0,0.4673,False,5,phase2-v1
2026-07-21T12:00:04,2303,2026-07-21,134.5,0.527,True,5,phase2-v1
2026-07-21T12:00:05,2327,2026-07-21,670.0,0.72,True,5,phase2-v1
2026-07-21T12:00:06,2383,2026-07-21,4830.0,0.2727,False,5,phase2-v1
2026-07-21T12:00:07,3037,2026-07-21,825.0,0.5254,True,5,phase2-v1
2026-07-21T12:00:07,2891,2026-07-21,62.7,0.5365,True,5,phase2-v1
2026-07-24T02:22:04,2330,2026-07-23,2405.0,0.3995,False,5,phase2-v1
2026-07-24T02:22:05,2454,2026-07-23,3875.0,0.4128,False,5,phase2-v1
2026-07-24T02:22:05,2308,2026-07-23,1880.0,0.2581,False,5,phase2-v1
2026-07-24T02:22:06,2317,2026-07-23,257.5,0.5453,True,5,phase2-v1
2026-07-24T02:22:06,3711,2026-07-23,649.0,0.4602,False,5,phase2-v1
2026-07-24T02:22:07,2303,2026-07-23,138.5,0.7007,True,5,phase2-v1
2026-07-24T02:22:07,2327,2026-07-23,696.0,0.6314,True,5,phase2-v1
2026-07-24T02:22:09,2383,2026-07-23,5095.0,0.1979,False,5,phase2-v1
2026-07-24T02:22:10,3037,2026-07-23,896.0,0.431,False,5,phase2-v1
2026-07-24T02:22:10,2891,2026-07-23,63.5,0.5503,True,5,phase2-v1
2026-07-24T11:55:25,2330,2026-07-24,2350.0,0.4032,False,5,phase2-v1
2026-07-24T11:55:26,2454,2026-07-24,3750.0,0.3854,False,5,phase2-v1
2026-07-24T11:55:26,2308,2026-07-24,1785.0,0.3877,False,5,phase2-v1
2026-07-24T11:55:27,2317,2026-07-24,252.5,0.4765,False,5,phase2-v1
2026-07-24T11:55:27,3711,2026-07-24,613.0,0.4581,False,5,phase2-v1
2026-07-24T11:55:28,2303,2026-07-24,128.0,0.4869,False,5,phase2-v1
2026-07-24T11:55:28,2327,2026-07-24,642.0,0.6284,True,5,phase2-v1
2026-07-24T11:55:30,2383,2026-07-24,4755.0,0.1736,False,5,phase2-v1
2026-07-24T11:55:31,3037,2026-07-24,839.0,0.4674,False,5,phase2-v1
2026-07-24T11:55:31,2891,2026-07-24,63.6,0.6705,True,5,phase2-v1
2026-07-27T13:21:50,2330,2026-07-27,2350.0,0.5048,True,5,phase2-v1
2026-07-27T13:21:51,2454,2026-07-27,3680.0,0.3873,False,5,phase2-v1
2026-07-27T13:21:51,2308,2026-07-27,1755.0,0.3911,False,5,phase2-v1
2026-07-27T13:21:52,2317,2026-07-27,253.0,0.5118,True,5,phase2-v1
2026-07-27T13:21:52,3711,2026-07-27,608.0,0.4746,False,5,phase2-v1
2026-07-27T13:21:52,2303,2026-07-27,126.0,0.7619,True,5,phase2-v1
2026-07-27T13:21:53,2327,2026-07-27,625.0,0.5516,True,5,phase2-v1
2026-07-27T13:21:55,2383,2026-07-27,4815.0,0.2602,False,5,phase2-v1
2026-07-27T13:21:56,3037,2026-07-27,848.0,0.504,True,5,phase2-v1
2026-07-27T13:21:56,2891,2026-07-27,63.0,0.7073,True,5,phase2-v1
2026-07-28T12:11:34,2330,2026-07-28,2280.0,0.4766,False,5,phase2-v1
2026-07-28T12:11:35,2454,2026-07-28,3315.0,0.5137,True,5,phase2-v1
2026-07-28T12:11:35,2308,2026-07-28,1580.0,0.4735,False,5,phase2-v1
2026-07-28T12:11:35,2317,2026-07-28,238.0,0.5419,True,5,phase2-v1
2026-07-28T12:11:36,3711,2026-07-28,554.0,0.6133,True,5,phase2-v1
2026-07-28T12:11:36,2303,2026-07-28,113.5,0.876,True,5,phase2-v1
2026-07-28T12:11:37,2327,2026-07-28,563.0,0.7402,True,5,phase2-v1
2026-07-28T12:11:38,2383,2026-07-28,4410.0,0.2587,False,5,phase2-v1
2026-07-28T12:11:39,3037,2026-07-28,764.0,0.6827,True,5,phase2-v1
2026-07-28T12:11:40,2891,2026-07-28,62.4,0.7565,True,5,phase2-v1
2026-07-29T12:18:34,2330,2026-07-29,2200.0,0.5211,True,5,phase2-v1
2026-07-29T12:18:35,2454,2026-07-29,3150.0,0.5168,True,5,phase2-v1
2026-07-29T12:18:35,2308,2026-07-29,1495.0,0.3877,False,5,phase2-v1
2026-07-29T12:18:35,2317,2026-07-29,237.0,0.5742,True,5,phase2-v1
2026-07-29T12:18:36,3711,2026-07-29,499.0,0.6364,True,5,phase2-v1
2026-07-29T12:18:36,2303,2026-07-29,102.5,0.9252,True,5,phase2-v1
2026-07-29T12:18:37,2327,2026-07-29,507.0,0.9029,True,5,phase2-v1
2026-07-29T12:18:38,2383,2026-07-29,4100.0,0.3806,False,5,phase2-v1
2026-07-29T12:18:39,3037,2026-07-29,688.0,0.6486,True,5,phase2-v1
2026-07-29T12:18:39,2891,2026-07-29,62.0,0.8207,True,5,phase2-v1
2026-07-30T12:03:33,2330,2026-07-30,2205.0,0.507,True,5,phase2-v1
2026-07-30T12:03:33,2454,2026-07-30,3235.0,0.5401,True,5,phase2-v1
2026-07-30T12:03:34,2308,2026-07-30,1530.0,0.3038,False,5,phase2-v1
2026-07-30T12:03:34,2317,2026-07-30,229.5,0.4982,False,5,phase2-v1
2026-07-30T12:03:34,3711,2026-07-30,505.0,0.392,False,5,phase2-v1
2026-07-30T12:03:35,2303,2026-07-30,110.0,0.8671,True,5,phase2-v1
2026-07-30T12:03:36,2327,2026-07-30,456.5,0.8398,True,5,phase2-v1
2026-07-30T12:03:37,2383,2026-07-30,4315.0,0.4802,False,5,phase2-v1
2026-07-30T12:03:38,3037,2026-07-30,716.0,0.4256,False,5,phase2-v1
2026-07-30T12:03:38,2891,2026-07-30,63.1,0.7879,True,5,phase2-v1
2026-07-31T12:15:46,2330,2026-07-31,2425.0,0.4686,False,5,phase2-v1
2026-07-31T12:15:46,2454,2026-07-31,3555.0,0.4948,False,5,phase2-v1
2026-07-31T12:15:46,2308,2026-07-31,1640.0,0.2052,False,5,phase2-v1
2026-07-31T12:15:47,2317,2026-07-31,250.5,0.4978,False,5,phase2-v1
2026-07-31T12:15:47,3711,2026-07-31,555.0,0.5113,True,5,phase2-v1
2026-07-31T12:15:47,2303,2026-07-31,121.0,0.7168,True,5,phase2-v1
2026-07-31T12:15:48,2327,2026-07-31,502.0,0.7816,True,5,phase2-v1
2026-07-31T12:15:48,2383,2026-07-31,4745.0,0.1319,False,5,phase2-v1
2026-07-31T12:15:49,3037,2026-07-31,787.0,0.5117,True,5,phase2-v1
2026-07-31T12:15:49,2891,2026-07-31,64.9,0.4935,False,5,phase2-v1
2026-08-03T13:19:52,2330,2026-08-03,2370.0,0.5003,True,5,phase2-v1
2026-08-03T13:19:53,2454,2026-08-03,3910.0,0.3179,False,5,phase2-v1
2026-08-03T13:19:53,2308,2026-08-03,1580.0,0.2961,False,5,phase2-v1
2026-08-03T13:19:53,2317,2026-08-03,253.0,0.525,True,5,phase2-v1
2026-08-03T13:19:54,3711,2026-08-03,610.0,0.4276,False,5,phase2-v1
2026-08-03T13:19:54,2303,2026-08-03,118.0,0.6754,True,5,phase2-v1
2026-08-03T13:19:55,2327,2026-08-03,552.0,0.7804,True,5,phase2-v1
2026-08-03T13:19:57,2383,2026-08-03,4980.0,0.2841,False,5,phase2-v1
2026-08-03T13:19:58,3037,2026-08-03,865.0,0.3452,False,5,phase2-v1
2026-08-03T13:19:58,2891,2026-08-03,64.8,0.4314,False,5,phase2-v1
2026-08-04T12:17:25,2330,2026-08-04,2320.0,0.4543,False,5,phase2-v1
2026-08-04T12:17:26,2454,2026-08-04,3865.0,0.2027,False,5,phase2-v1
2026-08-04T12:17:26,2308,2026-08-04,1620.0,0.2434,False,5,phase2-v1
2026-08-04T12:17:27,2317,2026-08-04,250.0,0.4125,False,5,phase2-v1
2026-08-04T12:17:27,3711,2026-08-04,585.0,0.4522,False,5,phase2-v1
2026-08-04T12:17:27,2303,2026-08-04,118.5,0.8796,True,5,phase2-v1
2026-08-04T12:17:28,2327,2026-08-04,566.0,0.5426,True,5,phase2-v1
2026-08-04T12:17:30,2383,2026-08-04,5140.0,0.193,False,5,phase2-v1
2026-08-04T12:17:31,3037,2026-08-04,924.0,0.4552,False,5,phase2-v1
2026-08-04T12:17:31,2891,2026-08-04,64.8,0.4186,False,5,phase2-v1
2026-08-05T12:15:07,2330,2026-08-05,2405.0,0.5301,True,5,phase2-v1
2026-08-05T12:15:08,2454,2026-08-05,4000.0,0.1513,False,5,phase2-v1
2026-08-05T12:15:08,2308,2026-08-05,1650.0,0.1295,False,5,phase2-v1
2026-08-05T12:15:08,2317,2026-08-05,258.5,0.4678,False,5,phase2-v1
2026-08-05T12:15:09,3711,2026-08-05,593.0,0.4521,False,5,phase2-v1
2026-08-05T12:15:09,2303,2026-08-05,122.0,0.8152,True,5,phase2-v1
2026-08-05T12:15:10,2327,2026-08-05,578.0,0.4624,False,5,phase2-v1
2026-08-05T12:15:11,2383,2026-08-05,5245.0,0.1447,False,5,phase2-v1
2026-08-05T12:15:12,3037,2026-08-05,969.0,0.388,False,5,phase2-v1
2026-08-05T12:15:12,2891,2026-08-05,66.0,0.433,False,5,phase2-v1
2026-08-06T12:17:17,2330,2026-08-06,2365.0,0.5908,True,5,phase2-v1
2026-08-06T12:17:18,2454,2026-08-06,3920.0,0.1767,False,5,phase2-v1
2026-08-06T12:17:18,2308,2026-08-06,1680.0,0.1164,False,5,phase2-v1
2026-08-06T12:17:18,2317,2026-08-06,264.5,0.5003,True,5,phase2-v1
2026-08-06T12:17:19,3711,2026-08-06,595.0,0.4752,False,5,phase2-v1
2026-08-06T12:17:19,2303,2026-08-06,121.5,0.9089,True,5,phase2-v1
2026-08-06T12:17:20,2327,2026-08-06,570.0,0.5734,True,5,phase2-v1
2026-08-06T12:17:21,2383,2026-08-06,5305.0,0.3173,False,5,phase2-v1
2026-08-06T12:17:23,3037,2026-08-06,973.0,0.4493,False,5,phase2-v1
2026-08-06T12:17:23,2891,2026-08-06,64.6,0.4916,False,5,phase2-v1
2026-08-07T11:06:12,2330,2026-08-07,2370.0,0.5652,True,5,phase2-v1
2026-08-07T11:06:13,2454,2026-08-07,3900.0,0.2543,False,5,phase2-v1
2026-08-07T11:06:13,2308,2026-08-07,1650.0,0.1598,False,5,phase2-v1
2026-08-07T11:06:13,2317,2026-08-07,260.0,0.407,False,5,phase2-v1
2026-08-07T11:06:14,3711,2026-08-07,585.0,0.4874,False,5,phase2-v1
2026-08-07T11:06:14,2303,2026-08-07,116.0,0.9237,True,5,phase2-v1
2026-08-07T11:06:15,2327,2026-08-07,540.0,0.6211,True,5,phase2-v1
2026-08-07T11:06:16,2383,2026-08-07,5240.0,0.2097,False,5,phase2-v1
2026-08-07T11:06:17,3037,2026-08-07,955.0,0.4823,False,5,phase2-v1
2026-08-07T11:06:18,2891,2026-08-07,65.6,0.5393,True,5,phase2-v1
2026-08-10T11:20:40,2330,2026-08-10,2380.0,0.5904,True,5,phase2-v1
2026-08-10T11:20:41,2454,2026-08-10,3960.0,0.3513,False,5,phase2-v1
2026-08-10T11:20:41,2308,2026-08-10,1815.0,0.1649,False,5,phase2-v1
2026-08-10T11:20:42,2317,2026-08-10,264.5,0.4514,False,5,phase2-v1
2026-08-10T11:20:42,3711,2026-08-10,630.0,0.4298,False,5,phase2-v1
2026-08-10T11:20:42,2303,2026-08-10,123.0,0.8442,True,5,phase2-v1
2026-08-10T11:20:43,2327,2026-08-10,573.0,0.713,True,5,phase2-v1
2026-08-10T11:20:45,2383,2026-08-10,5290.0,0.3988,False,5,phase2-v1
2026-08-10T11:20:46,3037,2026-08-10,992.0,0.4534,False,5,phase2-v1
2026-08-10T11:20:46,2891,2026-08-10,66.5,0.4417,False,5,phase2-v1
2026-08-11T11:03:51,2330,2026-08-11,2395.0,0.5314,True,5,phase2-v1
2026-08-11T11:03:52,2454,2026-08-11,4020.0,0.4707,False,5,phase2-v1
2026-08-11T11:03:52,2308,2026-08-11,1805.0,0.163,False,5,phase2-v1
2026-08-11T11:03:52,2317,2026-08-11,263.0,0.4722,False,5,phase2-v1
2026-08-11T11:03:53,3711,2026-08-11,629.0,0.4253,False,5,phase2-v1
2026-08-11T11:03:53,2303,2026-08-11,123.0,0.8828,True,5,phase2-v1
2026-08-11T11:03:54,2327,2026-08-11,617.0,0.7276,True,5,phase2-v1
2026-08-11T11:03:55,2383,2026-08-11,5535.0,0.4288,False,5,phase2-v1
2026-08-11T11:03:56,3037,2026-08-11,992.0,0.3159,False,5,phase2-v1
2026-08-11T11:03:57,2891,2026-08-11,66.8,0.4438,False,5,phase2-v1
2026-08-12T11:10:36,2330,2026-08-12,2415.0,0.4209,False,5,phase2-v1
2026-08-12T11:10:37,2454,2026-08-12,4015.0,0.5659,True,5,phase2-v1
2026-08-12T11:10:37,2308,2026-08-12,1790.0,0.2005,False,5,phase2-v1
2026-08-12T11:10:37,2317,2026-08-12,270.0,0.4444,False,5,phase2-v1
2026-08-12T11:10:38,3711,2026-08-12,621.0,0.5217,True,5,phase2-v1
2026-08-12T11:10:38,2303,2026-08-12,123.0,0.9224,True,5,phase2-v1
2026-08-12T11:10:39,2327,2026-08-12,602.0,0.7004,True,5,phase2-v1
2026-08-12T11:10:40,2383,2026-08-12,5730.0,0.5927,True,5,phase2-v1
2026-08-12T11:10:41,3037,2026-08-12,1000.0,0.5219,True,5,phase2-v1
2026-08-12T11:10:42,2891,2026-08-12,66.6,0.4131,False,5,phase2-v1
2026-08-13T11:10:27,2330,2026-08-13,2435.0,0.3832,False,5,phase2-v1
2026-08-13T11:10:27,2454,2026-08-13,4225.0,0.4461,False,5,phase2-v1
2026-08-13T11:10:28,2308,2026-08-13,1885.0,0.2614,False,5,phase2-v1
2026-08-13T11:10:28,2317,2026-08-13,262.0,0.4378,False,5,phase2-v1
2026-08-13T11:10:28,3711,2026-08-13,626.0,0.5015,True,5,phase2-v1
2026-08-13T11:10:29,2303,2026-08-13,124.5,0.868,True,5,phase2-v1
2026-08-13T11:10:30,2327,2026-08-13,662.0,0.7215,True,5,phase2-v1
2026-08-13T11:10:31,2383,2026-08-13,5690.0,0.7056,True,5,phase2-v1
2026-08-13T11:10:32,3037,2026-08-13,1000.0,0.3668,False,5,phase2-v1
2026-08-13T11:10:32,2891,2026-08-13,66.5,0.4085,False,5,phase2-v1
2026-08-14T11:08:09,2330,2026-08-14,2395.0,0.4529,False,5,phase2-v1
2026-08-14T11:08:09,2454,2026-08-14,4210.0,0.5512,True,5,phase2-v1
2026-08-14T11:08:10,2308,2026-08-14,1885.0,0.4013,False,5,phase2-v1
2026-08-14T11:08:10,2317,2026-08-14,259.5,0.4062,False,5,phase2-v1
2026-08-14T11:08:10,3711,2026-08-14,616.0,0.4218,False,5,phase2-v1
2026-08-14T11:08:10,2303,2026-08-14,121.0,0.8238,True,5,phase2-v1
2026-08-14T11:08:11,2327,2026-08-14,622.0,0.6277,True,5,phase2-v1
2026-08-14T11:08:12,2383,2026-08-14,6165.0,0.8633,True,5,phase2-v1
2026-08-14T11:08:12,3037,2026-08-14,1020.0,0.2743,False,5,phase2-v1
2026-08-14T11:08:12,2891,2026-08-14,65.8,0.4998,False,5,phase2-v1
2026-08-17T10:47:14,2330,2026-08-17,2400.0,0.5015,True,5,phase2-v1
2026-08-17T10:47:15,2454,2026-08-17,4050.0,0.5425,True,5,phase2-v1
2026-08-17T10:47:15,2308,2026-08-17,1885.0,0.4565,False,5,phase2-v1
2026-08-17T10:47:15,2317,2026-08-17,255.0,0.4305,False,5,phase2-v1
2026-08-17T10:47:16,3711,2026-08-17,615.0,0.4998,False,5,phase2-v1
2026-08-17T10:47:16,2303,2026-08-17,121.5,0.7055,True,5,phase2-v1
2026-08-17T10:47:17,2327,2026-08-17,608.0,0.6911,True,5,phase2-v1
2026-08-17T10:47:18,2383,2026-08-17,6350.0,0.8075,True,5,phase2-v1
2026-08-17T10:47:19,3037,2026-08-17,1120.0,0.3536,False,5,phase2-v1
2026-08-17T10:47:19,2891,2026-08-17,65.6,0.5281,True,5,phase2-v1
