stock_id,date,margin_bal,short_bal
0050,2026-07-20,59230.0,0.0
0051,2026-07-20,3.0,0.0
0052,2026-07-20,12598.0,107.0
0053,2026-07-20,14.0,0.0
0055,2026-07-20,101.0,0.0
0056,2026-07-20,10604.0,0.0
0057,2026-07-20,0.0,0.0
0061,2026-07-20,15.0,0.0
006203,2026-07-20,0.0,0.0
006204,2026-07-20,0.0,0.0
006205,2026-07-20,79.0,1.0
006206,2026-07-20,10.0,0.0
006207,2026-07-20,2.0,0.0
006208,2026-07-20,422.0,0.0
00636,2026-07-20,149.0,0.0
00639,2026-07-20,492.0,7.0
00643,2026-07-20,948.0,0.0
00645,2026-07-20,20.0,0.0
00646,2026-07-20,74.0,2.0
00652,2026-07-20,48.0,0.0
00657,2026-07-20,11.0,0.0
00660,2026-07-20,0.0,0.0
00661,2026-07-20,70.0,0.0
00662,2026-07-20,1289.0,10.0
00668,2026-07-20,0.0,0.0
00678,2026-07-20,26.0,0.0
00690,2026-07-20,88.0,0.0
00692,2026-07-20,97.0,0.0
00700,2026-07-20,168.0,0.0
00701,2026-07-20,18.0,0.0
00702,2026-07-20,1.0,0.0
00703,2026-07-20,19.0,0.0
00709,2026-07-20,4.0,0.0
00712,2026-07-20,13582.0,13.0
00713,2026-07-20,156.0,0.0
00714,2026-07-20,2.0,0.0
00717,2026-07-20,0.0,0.0
00728,2026-07-20,2.0,0.0
00730,2026-07-20,6.0,0.0
00731,2026-07-20,2.0,0.0
00733,2026-07-20,127.0,0.0
00735,2026-07-20,3742.0,24.0
00736,2026-07-20,0.0,0.0
00737,2026-07-20,50.0,0.0
00739,2026-07-20,0.0,0.0
00752,2026-07-20,627.0,11.0
00757,2026-07-20,272.0,16.0
00762,2026-07-20,66.0,0.0
00770,2026-07-20,44.0,0.0
00771,2026-07-20,1.0,0.0
00783,2026-07-20,349.0,0.0
00830,2026-07-20,5322.0,626.0
00850,2026-07-20,14.0,0.0
00851,2026-07-20,2.0,0.0
00861,2026-07-20,28.0,0.0
00875,2026-07-20,1.0,0.0
00876,2026-07-20,17.0,0.0
00878,2026-07-20,2640.0,34.0
00881,2026-07-20,1435.0,4.0
00882,2026-07-20,3315.0,15.0
00885,2026-07-20,630.0,133.0
00891,2026-07-20,5136.0,34.0
00892,2026-07-20,2027.0,14.0
00893,2026-07-20,71.0,23.0
00894,2026-07-20,621.0,21.0
00895,2026-07-20,69.0,8.0
00896,2026-07-20,1627.0,0.0
00897,2026-07-20,281.0,0.0
00898,2026-07-20,120.0,0.0
00899,2026-07-20,65.0,0.0
00900,2026-07-20,390.0,3.0
00901,2026-07-20,3.0,0.0
00902,2026-07-20,2481.0,11.0
00903,2026-07-20,20.0,0.0
00904,2026-07-20,621.0,6.0
00905,2026-07-20,462.0,0.0
00907,2026-07-20,697.0,0.0
00908,2026-07-20,0.0,0.0
00909,2026-07-20,1091.0,22.0
00910,2026-07-20,2197.0,9.0
00911,2026-07-20,154.0,0.0
00912,2026-07-20,165.0,0.0
00913,2026-07-20,1348.0,9.0
00915,2026-07-20,37.0,0.0
00916,2026-07-20,660.0,0.0
00917,2026-07-20,83.0,0.0
00918,2026-07-20,4337.0,35.0
00919,2026-07-20,8074.0,115.0
00920,2026-07-20,28.0,0.0
00921,2026-07-20,1.0,0.0
00922,2026-07-20,1673.0,4.0
00923,2026-07-20,216.0,0.0
00924,2026-07-20,142.0,0.0
00926,2026-07-20,21.0,0.0
00927,2026-07-20,16609.0,20.0
00929,2026-07-20,6179.0,0.0
00930,2026-07-20,22.0,0.0
00932,2026-07-20,72.0,0.0
00934,2026-07-20,695.0,0.0
00935,2026-07-20,5615.0,79.0
00936,2026-07-20,15.0,0.0
00938,2026-07-20,7.0,0.0
00939,2026-07-20,170.0,0.0
00940,2026-07-20,1482.0,84.0
00941,2026-07-20,242.0,1.0
00943,2026-07-20,27.0,0.0
00944,2026-07-20,9.0,0.0
00946,2026-07-20,548.0,0.0
00947,2026-07-20,5187.0,12.0
00949,2026-07-20,78.0,0.0
00951,2026-07-20,1188.0,12.0
00952,2026-07-20,669.0,0.0
00954,2026-07-20,1557.0,2.0
00956,2026-07-20,78.0,0.0
00960,2026-07-20,71.0,0.0
00961,2026-07-20,2760.0,0.0
00962,2026-07-20,111.0,0.0
00963,2026-07-20,9.0,0.0
00964,2026-07-20,52.0,0.0
00965,2026-07-20,1703.0,41.0
00971,2026-07-20,15.0,0.0
00972,2026-07-20,2.0,0.0
009800,2026-07-20,1451.0,21.0
009801,2026-07-20,21.0,0.0
009802,2026-07-20,1077.0,2.0
009803,2026-07-20,437.0,10.0
009804,2026-07-20,1058.0,0.0
009805,2026-07-20,16077.0,0.0
009808,2026-07-20,44.0,0.0
009809,2026-07-20,5.0,0.0
009810,2026-07-20,2.0,0.0
009811,2026-07-20,74.0,35.0
009812,2026-07-20,4.0,0.0
009813,2026-07-20,77.0,0.0
009816,2026-07-20,35160.0,585.0
009817,2026-07-20,105.0,0.0
009818,2026-07-20,12.0,0.0
009819,2026-07-20,5342.0,60.0
009820,2026-07-20,2793.0,5.0
009821,2026-07-20,10435.0,1320.0
009824,2026-07-20,2660.0,0.0
1101,2026-07-20,34536.0,95.0
1102,2026-07-20,1330.0,0.0
1103,2026-07-20,4119.0,0.0
1104,2026-07-20,1584.0,0.0
1108,2026-07-20,451.0,44.0
1109,2026-07-20,276.0,0.0
1110,2026-07-20,2752.0,0.0
1201,2026-07-20,1505.0,0.0
1203,2026-07-20,3.0,0.0
1210,2026-07-20,567.0,6.0
1213,2026-07-20,0.0,0.0
1215,2026-07-20,414.0,2.0
1216,2026-07-20,488.0,8.0
1217,2026-07-20,941.0,3.0
1218,2026-07-20,1483.0,128.0
1219,2026-07-20,511.0,105.0
1220,2026-07-20,862.0,0.0
1225,2026-07-20,6933.0,10.0
1227,2026-07-20,933.0,0.0
1229,2026-07-20,3049.0,10.0
1231,2026-07-20,242.0,0.0
1232,2026-07-20,309.0,0.0
1233,2026-07-20,19.0,0.0
1234,2026-07-20,15.0,0.0
1235,2026-07-20,1175.0,0.0
1236,2026-07-20,184.0,0.0
1256,2026-07-20,343.0,12.0
1301,2026-07-20,26048.0,509.0
1303,2026-07-20,39443.0,1291.0
1304,2026-07-20,13114.0,0.0
1305,2026-07-20,7059.0,0.0
1307,2026-07-20,1356.0,1.0
1308,2026-07-20,6618.0,0.0
1309,2026-07-20,8727.0,0.0
1310,2026-07-20,14709.0,33.0
1312,2026-07-20,29792.0,74.0
1313,2026-07-20,11100.0,153.0
1314,2026-07-20,82149.0,261.0
1315,2026-07-20,15.0,0.0
1316,2026-07-20,10937.0,26.0
1319,2026-07-20,6837.0,24.0
1321,2026-07-20,7217.0,0.0
1323,2026-07-20,80.0,0.0
1324,2026-07-20,1277.0,0.0
1325,2026-07-20,2182.0,15.0
1326,2026-07-20,34957.0,774.0
1337,2026-07-20,21380.0,0.0
1338,2026-07-20,3899.0,0.0
1339,2026-07-20,845.0,0.0
1340,2026-07-20,994.0,0.0
1342,2026-07-20,623.0,1.0
1402,2026-07-20,7597.0,84.0
1409,2026-07-20,23977.0,295.0
1410,2026-07-20,312.0,0.0
1413,2026-07-20,0.0,0.0
1414,2026-07-20,1179.0,0.0
1416,2026-07-20,3304.0,0.0
1417,2026-07-20,1887.0,0.0
1418,2026-07-20,762.0,0.0
1419,2026-07-20,1218.0,0.0
1423,2026-07-20,87.0,0.0
1432,2026-07-20,163.0,38.0
1434,2026-07-20,7749.0,64.0
1435,2026-07-20,0.0,0.0
1436,2026-07-20,962.0,0.0
1437,2026-07-20,2263.0,0.0
1438,2026-07-20,156.0,0.0
1439,2026-07-20,1061.0,0.0
1440,2026-07-20,5642.0,3.0
1441,2026-07-20,0.0,0.0
1442,2026-07-20,2946.0,8.0
1443,2026-07-20,31.0,0.0
1444,2026-07-20,570.0,0.0
1445,2026-07-20,1393.0,1.0
1446,2026-07-20,1648.0,2.0
1447,2026-07-20,931.0,0.0
1449,2026-07-20,3117.0,0.0
1451,2026-07-20,759.0,0.0
1452,2026-07-20,108.0,0.0
1453,2026-07-20,1009.0,1.0
1454,2026-07-20,2168.0,0.0
1455,2026-07-20,3185.0,80.0
1456,2026-07-20,769.0,0.0
1457,2026-07-20,711.0,1.0
1459,2026-07-20,488.0,0.0
1460,2026-07-20,0.0,0.0
1463,2026-07-20,486.0,0.0
1464,2026-07-20,2071.0,0.0
1465,2026-07-20,3297.0,0.0
1466,2026-07-20,2917.0,48.0
1467,2026-07-20,6211.0,13.0
1468,2026-07-20,0.0,0.0
1470,2026-07-20,6.0,0.0
1471,2026-07-20,0.0,0.0
1472,2026-07-20,3901.0,2.0
1473,2026-07-20,846.0,0.0
1474,2026-07-20,3381.0,0.0
1475,2026-07-20,455.0,0.0
1476,2026-07-20,933.0,16.0
1477,2026-07-20,1539.0,4.0
1503,2026-07-20,3052.0,0.0
1504,2026-07-20,31031.0,105.0
1506,2026-07-20,0.0,0.0
1512,2026-07-20,0.0,0.0
1513,2026-07-20,7951.0,23.0
1514,2026-07-20,6736.0,530.0
1515,2026-07-20,3151.0,144.0
1516,2026-07-20,2.0,0.0
1517,2026-07-20,2078.0,14.0
1519,2026-07-20,3319.0,13.0
1521,2026-07-20,448.0,0.0
1522,2026-07-20,4325.0,1.0
1524,2026-07-20,4267.0,15.0
1525,2026-07-20,232.0,0.0
1526,2026-07-20,702.0,17.0
1527,2026-07-20,563.0,0.0
1528,2026-07-20,6774.0,57.0
1529,2026-07-20,2989.0,0.0
1530,2026-07-20,291.0,0.0
1531,2026-07-20,1725.0,1.0
1532,2026-07-20,2735.0,0.0
1533,2026-07-20,473.0,9.0
1535,2026-07-20,77.0,0.0
1536,2026-07-20,8351.0,166.0
1537,2026-07-20,56.0,0.0
1538,2026-07-20,0.0,0.0
1539,2026-07-20,1374.0,0.0
1540,2026-07-20,1696.0,3.0
1541,2026-07-20,113.0,0.0
1558,2026-07-20,242.0,0.0
1560,2026-07-20,1586.0,29.0
1563,2026-07-20,7307.0,2.0
1568,2026-07-20,2547.0,0.0
1582,2026-07-20,4219.0,8.0
1583,2026-07-20,66.0,0.0
1587,2026-07-20,1944.0,22.0
1589,2026-07-20,793.0,0.0
1590,2026-07-20,112.0,0.0
1597,2026-07-20,2746.0,22.0
1598,2026-07-20,2091.0,0.0
1603,2026-07-20,2146.0,10.0
1604,2026-07-20,227.0,0.0
1605,2026-07-20,53395.0,632.0
1608,2026-07-20,8069.0,0.0
1609,2026-07-20,13548.0,22.0
1611,2026-07-20,3297.0,5.0
1612,2026-07-20,1876.0,55.0
1614,2026-07-20,343.0,0.0
1615,2026-07-20,193.0,0.0
1616,2026-07-20,3212.0,0.0
1617,2026-07-20,2163.0,0.0
1618,2026-07-20,3655.0,31.0
1626,2026-07-20,1668.0,0.0
1702,2026-07-20,300.0,0.0
1707,2026-07-20,354.0,20.0
1708,2026-07-20,6999.0,64.0
1709,2026-07-20,13886.0,28.0
1710,2026-07-20,12166.0,296.0
1711,2026-07-20,18740.0,81.0
1712,2026-07-20,456.0,0.0
1713,2026-07-20,3002.0,1.0
1714,2026-07-20,14070.0,185.0
1717,2026-07-20,20855.0,263.0
1718,2026-07-20,16124.0,458.0
1720,2026-07-20,331.0,0.0
1721,2026-07-20,127.0,0.0
1722,2026-07-20,2660.0,4.0
1723,2026-07-20,677.0,1.0
1725,2026-07-20,279.0,0.0
1726,2026-07-20,25.0,0.0
1727,2026-07-20,7613.0,119.0
1730,2026-07-20,4.0,0.0
1731,2026-07-20,318.0,0.0
1732,2026-07-20,624.0,0.0
1733,2026-07-20,2640.0,1.0
1734,2026-07-20,509.0,0.0
1735,2026-07-20,767.0,0.0
1736,2026-07-20,2113.0,4.0
1737,2026-07-20,22.0,0.0
1752,2026-07-20,328.0,0.0
1760,2026-07-20,1055.0,0.0
1762,2026-07-20,758.0,2.0
1773,2026-07-20,1216.0,2.0
1776,2026-07-20,871.0,1.0
1783,2026-07-20,565.0,0.0
1786,2026-07-20,5043.0,11.0
1789,2026-07-20,3268.0,0.0
1795,2026-07-20,8864.0,34.0
1802,2026-07-20,46503.0,934.0
1805,2026-07-20,1408.0,0.0
1806,2026-07-20,2966.0,0.0
1808,2026-07-20,5682.0,0.0
1809,2026-07-20,6105.0,0.0
1810,2026-07-20,24667.0,457.0
1817,2026-07-20,17.0,0.0
1903,2026-07-20,2532.0,5.0
1904,2026-07-20,4647.0,26.0
1905,2026-07-20,12325.0,344.0
1906,2026-07-20,7264.0,0.0
1907,2026-07-20,24242.0,2.0
1909,2026-07-20,9751.0,1.0
2002,2026-07-20,46767.0,2.0
2006,2026-07-20,1057.0,1.0
2007,2026-07-20,5.0,0.0
2008,2026-07-20,121.0,0.0
2009,2026-07-20,6626.0,2.0
2010,2026-07-20,2067.0,5.0
2012,2026-07-20,194.0,0.0
2013,2026-07-20,1410.0,3.0
2014,2026-07-20,1725.0,0.0
2015,2026-07-20,40.0,0.0
2017,2026-07-20,8189.0,1.0
2020,2026-07-20,791.0,0.0
2022,2026-07-20,1149.0,1.0
2023,2026-07-20,2862.0,34.0
2024,2026-07-20,64.0,0.0
2025,2026-07-20,0.0,0.0
2027,2026-07-20,24797.0,22.0
2028,2026-07-20,1183.0,0.0
2029,2026-07-20,393.0,0.0
2030,2026-07-20,4242.0,0.0
2031,2026-07-20,906.0,6.0
2032,2026-07-20,2698.0,0.0
2033,2026-07-20,2727.0,5.0
2034,2026-07-20,3665.0,0.0
2038,2026-07-20,3637.0,20.0
2049,2026-07-20,3514.0,30.0
2059,2026-07-20,465.0,3.0
2062,2026-07-20,1367.0,2.0
2069,2026-07-20,446.0,0.0
2101,2026-07-20,22211.0,15.0
2102,2026-07-20,3893.0,2.0
2103,2026-07-20,15867.0,110.0
2104,2026-07-20,19840.0,56.0
2105,2026-07-20,8880.0,13.0
2106,2026-07-20,2929.0,0.0
2107,2026-07-20,108.0,0.0
2108,2026-07-20,2831.0,38.0
2109,2026-07-20,648.0,0.0
2114,2026-07-20,6.0,0.0
2115,2026-07-20,560.0,3.0
2201,2026-07-20,10094.0,10.0
2204,2026-07-20,1133.0,0.0
2206,2026-07-20,4418.0,0.0
2207,2026-07-20,72.0,0.0
2208,2026-07-20,0.0,0.0
2211,2026-07-20,414.0,11.0
2228,2026-07-20,1694.0,0.0
2231,2026-07-20,2842.0,146.0
2233,2026-07-20,5262.0,4.0
2236,2026-07-20,11394.0,13.0
2239,2026-07-20,1554.0,0.0
2241,2026-07-20,8200.0,4.0
2243,2026-07-20,1421.0,18.0
2247,2026-07-20,118.0,1.0
2248,2026-07-20,573.0,8.0
2250,2026-07-20,1309.0,2.0
2254,2026-07-20,2518.0,0.0
2301,2026-07-20,17204.0,196.0
2302,2026-07-20,3522.0,146.0
2303,2026-07-20,213376.0,2265.0
2305,2026-07-20,7011.0,143.0
2308,2026-07-20,7680.0,30.0
2312,2026-07-20,48811.0,1477.0
2313,2026-07-20,41992.0,3669.0
2314,2026-07-20,0.0,0.0
2316,2026-07-20,3516.0,9.0
2317,2026-07-20,56794.0,157.0
2321,2026-07-20,0.0,0.0
2323,2026-07-20,29524.0,76.0
2324,2026-07-20,58476.0,712.0
2327,2026-07-20,40776.0,947.0
2328,2026-07-20,18471.0,41.0
2329,2026-07-20,16332.0,293.0
2330,2026-07-20,32548.0,123.0
2331,2026-07-20,10445.0,15.0
2332,2026-07-20,22803.0,790.0
2337,2026-07-20,93847.0,3062.0
2338,2026-07-20,6393.0,29.0
2340,2026-07-20,9211.0,46.0
2342,2026-07-20,4717.0,59.0
2344,2026-07-20,136418.0,1865.0
2345,2026-07-20,1410.0,7.0
2347,2026-07-20,682.0,4.0
2348,2026-07-20,2486.0,0.0
2349,2026-07-20,0.0,0.0
2351,2026-07-20,14254.0,25.0
2352,2026-07-20,16146.0,0.0
2353,2026-07-20,41327.0,2327.0
2354,2026-07-20,25817.0,26.0
2355,2026-07-20,10721.0,0.0
2356,2026-07-20,30235.0,124.0
2357,2026-07-20,2310.0,7.0
2359,2026-07-20,7080.0,53.0
2360,2026-07-20,1136.0,1.0
2362,2026-07-20,2405.0,3.0
2363,2026-07-20,17905.0,158.0
2364,2026-07-20,719.0,0.0
2365,2026-07-20,9177.0,57.0
2367,2026-07-20,31321.0,811.0
2368,2026-07-20,4349.0,286.0
2369,2026-07-20,13755.0,111.0
2371,2026-07-20,50839.0,325.0
2373,2026-07-20,45.0,0.0
2374,2026-07-20,18119.0,40.0
2375,2026-07-20,6798.0,183.0
2376,2026-07-20,8031.0,555.0
2377,2026-07-20,13126.0,379.0
2379,2026-07-20,2783.0,21.0
2380,2026-07-20,0.0,0.0
2382,2026-07-20,12378.0,422.0
2383,2026-07-20,1610.0,20.0
2385,2026-07-20,3311.0,21.0
2387,2026-07-20,1333.0,0.0
2388,2026-07-20,11492.0,223.0
2390,2026-07-20,1913.0,2.0
2392,2026-07-20,4712.0,1.0
2393,2026-07-20,2688.0,15.0
2395,2026-07-20,1745.0,43.0
2397,2026-07-20,1660.0,0.0
2399,2026-07-20,12048.0,150.0
2401,2026-07-20,8604.0,121.0
2402,2026-07-20,13711.0,118.0
2404,2026-07-20,2267.0,2.0
2405,2026-07-20,8174.0,7.0
2406,2026-07-20,13418.0,364.0
2408,2026-07-20,86024.0,640.0
2409,2026-07-20,209343.0,20582.0
2412,2026-07-20,2978.0,148.0
2413,2026-07-20,4504.0,39.0
2414,2026-07-20,540.0,0.0
2415,2026-07-20,2362.0,2.0
2417,2026-07-20,3743.0,4.0
2419,2026-07-20,6637.0,3.0
2420,2026-07-20,1210.0,2.0
2421,2026-07-20,5373.0,32.0
2423,2026-07-20,661.0,0.0
2424,2026-07-20,0.0,0.0
2425,2026-07-20,4002.0,5.0
2426,2026-07-20,12879.0,128.0
2427,2026-07-20,5442.0,51.0
2428,2026-07-20,2447.0,11.0
2429,2026-07-20,2206.0,0.0
2430,2026-07-20,81.0,7.0
2431,2026-07-20,1651.0,0.0
2432,2026-07-20,324.0,0.0
2433,2026-07-20,29.0,0.0
2434,2026-07-20,435.0,204.0
2436,2026-07-20,6324.0,178.0
2438,2026-07-20,0.0,0.0
2439,2026-07-20,3686.0,133.0
2440,2026-07-20,1620.0,0.0
2441,2026-07-20,8395.0,317.0
2442,2026-07-20,4099.0,0.0
2444,2026-07-20,0.0,0.0
2449,2026-07-20,20403.0,29.0
2450,2026-07-20,75.0,0.0
2451,2026-07-20,5497.0,107.0
2453,2026-07-20,2495.0,1.0
2454,2026-07-20,9379.0,35.0
2455,2026-07-20,8550.0,48.0
2457,2026-07-20,15229.0,27.0
2458,2026-07-20,3494.0,87.0
2459,2026-07-20,101.0,0.0
2460,2026-07-20,293.0,0.0
2461,2026-07-20,8818.0,0.0
2462,2026-07-20,2546.0,0.0
2464,2026-07-20,13037.0,1199.0
2465,2026-07-20,3345.0,70.0
2466,2026-07-20,6093.0,421.0
2467,2026-07-20,2022.0,27.0
2468,2026-07-20,3430.0,1.0
2471,2026-07-20,1314.0,0.0
2472,2026-07-20,5891.0,23.0
2474,2026-07-20,10717.0,8.0
2476,2026-07-20,39340.0,2.0
2477,2026-07-20,1146.0,45.0
2478,2026-07-20,7558.0,14.0
2480,2026-07-20,354.0,0.0
2481,2026-07-20,11375.0,557.0
2482,2026-07-20,1832.0,12.0
2483,2026-07-20,1791.0,23.0
2484,2026-07-20,15502.0,705.0
2485,2026-07-20,13753.0,276.0
2486,2026-07-20,22991.0,143.0
2488,2026-07-20,472.0,0.0
2489,2026-07-20,34129.0,216.0
2491,2026-07-20,2297.0,10.0
2492,2026-07-20,9336.0,24.0
2493,2026-07-20,8717.0,21.0
2495,2026-07-20,8882.0,0.0
2496,2026-07-20,45.0,0.0
2497,2026-07-20,3516.0,3.0
2498,2026-07-20,29707.0,924.0
2501,2026-07-20,4488.0,2.0
2504,2026-07-20,4501.0,0.0
2505,2026-07-20,3381.0,0.0
2506,2026-07-20,1842.0,1.0
2509,2026-07-20,547.0,1.0
2511,2026-07-20,3315.0,1.0
2514,2026-07-20,18084.0,0.0
2515,2026-07-20,25907.0,41.0
2516,2026-07-20,0.0,0.0
2520,2026-07-20,3008.0,7.0
2524,2026-07-20,3192.0,0.0
2527,2026-07-20,4430.0,65.0
2528,2026-07-20,6575.0,0.0
2530,2026-07-20,6699.0,3.0
2534,2026-07-20,11974.0,52.0
2535,2026-07-20,292.0,8.0
2536,2026-07-20,6550.0,0.0
2537,2026-07-20,3812.0,1.0
2538,2026-07-20,2491.0,0.0
2539,2026-07-20,2153.0,0.0
2540,2026-07-20,2722.0,7.0
2542,2026-07-20,5884.0,230.0
2543,2026-07-20,10783.0,22.0
2545,2026-07-20,2766.0,0.0
2546,2026-07-20,69.0,0.0
2547,2026-07-20,9408.0,1.0
2548,2026-07-20,2282.0,0.0
2597,2026-07-20,166.0,0.0
2601,2026-07-20,410.0,0.0
2603,2026-07-20,15795.0,210.0
2605,2026-07-20,12626.0,11.0
2606,2026-07-20,3786.0,11.0
2607,2026-07-20,841.0,1.0
2608,2026-07-20,1415.0,1.0
2609,2026-07-20,34422.0,282.0
2610,2026-07-20,49480.0,105.0
2611,2026-07-20,2063.0,1.0
2612,2026-07-20,1839.0,9.0
2613,2026-07-20,2067.0,3.0
2614,2026-07-20,5704.0,1.0
2615,2026-07-20,17447.0,185.0
2616,2026-07-20,494.0,2.0
2617,2026-07-20,2395.0,5.0
2618,2026-07-20,28785.0,197.0
2630,2026-07-20,7203.0,119.0
2633,2026-07-20,1765.0,98.0
2634,2026-07-20,28487.0,522.0
2636,2026-07-20,666.0,21.0
2637,2026-07-20,2340.0,33.0
2642,2026-07-20,585.0,3.0
2645,2026-07-20,3234.0,9.0
2646,2026-07-20,3718.0,23.0
2701,2026-07-20,379.0,0.0
2702,2026-07-20,421.0,0.0
2704,2026-07-20,120.0,0.0
2705,2026-07-20,574.0,0.0
2706,2026-07-20,799.0,0.0
2707,2026-07-20,123.0,0.0
2712,2026-07-20,7.0,0.0
2722,2026-07-20,332.0,0.0
2723,2026-07-20,1705.0,1.0
2727,2026-07-20,402.0,0.0
2731,2026-07-20,990.0,12.0
2739,2026-07-20,847.0,0.0
2748,2026-07-20,654.0,0.0
2753,2026-07-20,529.0,2.0
2762,2026-07-20,172.0,0.0
2801,2026-07-20,7761.0,73.0
2812,2026-07-20,5021.0,2.0
2816,2026-07-20,539.0,2.0
2820,2026-07-20,625.0,1.0
2832,2026-07-20,519.0,0.0
2834,2026-07-20,6935.0,35.0
2836,2026-07-20,5909.0,11.0
2838,2026-07-20,725.0,7.0
2845,2026-07-20,3785.0,61.0
2849,2026-07-20,141.0,0.0
2850,2026-07-20,243.0,0.0
2851,2026-07-20,812.0,0.0
2852,2026-07-20,1280.0,0.0
2855,2026-07-20,6598.0,111.0
2867,2026-07-20,3221.0,24.0
2880,2026-07-20,517.0,53.0
2881,2026-07-20,7029.0,167.0
2882,2026-07-20,6446.0,181.0
2883,2026-07-20,16195.0,97.0
2884,2026-07-20,5527.0,125.0
2885,2026-07-20,3019.0,0.0
2886,2026-07-20,788.0,53.0
2887,2026-07-20,42711.0,0.0
2889,2026-07-20,2366.0,24.0
2890,2026-07-20,2538.0,0.0
2891,2026-07-20,4163.0,26.0
2892,2026-07-20,3121.0,10.0
2897,2026-07-20,2320.0,0.0
2901,2026-07-20,483.0,0.0
2903,2026-07-20,1384.0,0.0
2904,2026-07-20,34.0,0.0
2905,2026-07-20,7932.0,1.0
2906,2026-07-20,609.0,0.0
2908,2026-07-20,14175.0,0.0
2910,2026-07-20,13.0,0.0
2911,2026-07-20,137.0,0.0
2912,2026-07-20,554.0,0.0
2913,2026-07-20,7171.0,4.0
2915,2026-07-20,8599.0,16.0
2929,2026-07-20,2008.0,0.0
2939,2026-07-20,249.0,0.0
3002,2026-07-20,2003.0,4.0
3003,2026-07-20,3484.0,8.0
3004,2026-07-20,1944.0,6.0
3005,2026-07-20,5322.0,45.0
3006,2026-07-20,18144.0,74.0
3008,2026-07-20,1806.0,13.0
3010,2026-07-20,1186.0,3.0
3011,2026-07-20,2612.0,40.0
3013,2026-07-20,10017.0,71.0
3014,2026-07-20,2356.0,39.0
3015,2026-07-20,2499.0,1.0
3016,2026-07-20,8039.0,195.0
3017,2026-07-20,4695.0,29.0
3018,2026-07-20,0.0,0.0
3019,2026-07-20,11886.0,96.0
3021,2026-07-20,642.0,1.0
3022,2026-07-20,5729.0,8.0
3023,2026-07-20,1272.0,11.0
3024,2026-07-20,7548.0,35.0
3025,2026-07-20,1716.0,0.0
3026,2026-07-20,9216.0,208.0
3027,2026-07-20,4763.0,1.0
3028,2026-07-20,3373.0,43.0
3029,2026-07-20,3357.0,13.0
3030,2026-07-20,10953.0,24.0
3031,2026-07-20,7140.0,1.0
3032,2026-07-20,8074.0,20.0
3033,2026-07-20,11050.0,383.0
3034,2026-07-20,2925.0,14.0
3035,2026-07-20,11540.0,139.0
3036,2026-07-20,13748.0,631.0
3037,2026-07-20,40436.0,161.0
3038,2026-07-20,1271.0,0.0
3040,2026-07-20,11948.0,21.0
3041,2026-07-20,3749.0,7.0
3042,2026-07-20,11770.0,227.0
3043,2026-07-20,992.0,0.0
3044,2026-07-20,6128.0,7.0
3045,2026-07-20,401.0,73.0
3046,2026-07-20,996.0,4.0
3047,2026-07-20,6862.0,9.0
3048,2026-07-20,6291.0,42.0
3049,2026-07-20,0.0,0.0
3050,2026-07-20,3300.0,0.0
3051,2026-07-20,4245.0,6.0
3052,2026-07-20,1761.0,0.0
3054,2026-07-20,994.0,0.0
3055,2026-07-20,6585.0,25.0
3056,2026-07-20,3800.0,0.0
3057,2026-07-20,0.0,0.0
3058,2026-07-20,0.0,0.0
3059,2026-07-20,11681.0,28.0
3060,2026-07-20,9163.0,10.0
3062,2026-07-20,11581.0,66.0
3090,2026-07-20,4695.0,358.0
3092,2026-07-20,3680.0,1.0
3094,2026-07-20,2638.0,33.0
3130,2026-07-20,13.0,0.0
3135,2026-07-20,2270.0,124.0
3138,2026-07-20,2438.0,0.0
3149,2026-07-20,21772.0,1391.0
3150,2026-07-20,259.0,0.0
3164,2026-07-20,285.0,0.0
3167,2026-07-20,12040.0,26.0
3168,2026-07-20,37.0,0.0
3189,2026-07-20,16930.0,126.0
3209,2026-07-20,5812.0,56.0
3229,2026-07-20,0.0,0.0
3231,2026-07-20,50682.0,224.0
3257,2026-07-20,2814.0,6.0
3266,2026-07-20,373.0,0.0
3296,2026-07-20,1838.0,2.0
3305,2026-07-20,7333.0,13.0
3308,2026-07-20,690.0,0.0
3311,2026-07-20,2598.0,0.0
3312,2026-07-20,5335.0,15.0
3321,2026-07-20,0.0,0.0
3338,2026-07-20,3814.0,4.0
3346,2026-07-20,2930.0,3.0
3356,2026-07-20,1860.0,4.0
3376,2026-07-20,12813.0,114.0
3380,2026-07-20,5452.0,4.0
3406,2026-07-20,2597.0,23.0
3413,2026-07-20,5675.0,15.0
3416,2026-07-20,995.0,7.0
3419,2026-07-20,1092.0,0.0
3432,2026-07-20,0.0,0.0
3437,2026-07-20,3069.0,16.0
3443,2026-07-20,4073.0,9.0
3447,2026-07-20,2337.0,22.0
3450,2026-07-20,17831.0,112.0
3481,2026-07-20,365390.0,7266.0
3494,2026-07-20,0.0,0.0
3501,2026-07-20,1181.0,0.0
3504,2026-07-20,2850.0,40.0
3515,2026-07-20,1708.0,1.0
3518,2026-07-20,4035.0,37.0
3528,2026-07-20,2168.0,0.0
3530,2026-07-20,1322.0,0.0
3532,2026-07-20,8741.0,447.0
3533,2026-07-20,596.0,1.0
3535,2026-07-20,5688.0,54.0
3543,2026-07-20,4947.0,0.0
3545,2026-07-20,4524.0,34.0
3550,2026-07-20,13817.0,52.0
3557,2026-07-20,428.0,0.0
3563,2026-07-20,5139.0,1.0
3576,2026-07-20,0.0,0.0
3583,2026-07-20,2113.0,16.0
3588,2026-07-20,1749.0,0.0
3591,2026-07-20,26223.0,6.0
3592,2026-07-20,939.0,1.0
3593,2026-07-20,0.0,0.0
3596,2026-07-20,1339.0,25.0
3605,2026-07-20,8379.0,41.0
3607,2026-07-20,1857.0,0.0
3617,2026-07-20,1968.0,0.0
3622,2026-07-20,1853.0,0.0
3645,2026-07-20,5855.0,19.0
3652,2026-07-20,577.0,0.0
3653,2026-07-20,2375.0,0.0
3661,2026-07-20,5790.0,42.0
3665,2026-07-20,3150.0,8.0
3669,2026-07-20,910.0,0.0
3673,2026-07-20,16079.0,76.0
3679,2026-07-20,119.0,0.0
3686,2026-07-20,0.0,0.0
3694,2026-07-20,7419.0,1.0
3701,2026-07-20,6731.0,45.0
3702,2026-07-20,6742.0,1702.0
3703,2026-07-20,1387.0,0.0
3704,2026-07-20,5987.0,18.0
3705,2026-07-20,379.0,0.0
3706,2026-07-20,31756.0,284.0
3708,2026-07-20,3000.0,11.0
3711,2026-07-20,11288.0,58.0
3712,2026-07-20,2878.0,16.0
3714,2026-07-20,27961.0,78.0
3715,2026-07-20,22001.0,373.0
3716,2026-07-20,503.0,0.0
3717,2026-07-20,9853.0,289.0
4104,2026-07-20,84.0,0.0
4106,2026-07-20,684.0,0.0
4108,2026-07-20,0.0,0.0
4119,2026-07-20,604.0,0.0
4133,2026-07-20,1120.0,7.0
4137,2026-07-20,1076.0,0.0
4142,2026-07-20,6526.0,2.0
4148,2026-07-20,403.0,0.0
4155,2026-07-20,895.0,1.0
4164,2026-07-20,6938.0,0.0
4190,2026-07-20,298.0,0.0
4306,2026-07-20,4692.0,1.0
4414,2026-07-20,740.0,0.0
4426,2026-07-20,898.0,0.0
4438,2026-07-20,980.0,0.0
4439,2026-07-20,245.0,5.0
4440,2026-07-20,148.0,0.0
4441,2026-07-20,152.0,2.0
4526,2026-07-20,6621.0,8.0
4532,2026-07-20,2630.0,1.0
4536,2026-07-20,661.0,6.0
4540,2026-07-20,4138.0,42.0
4545,2026-07-20,1295.0,0.0
4551,2026-07-20,3052.0,53.0
4552,2026-07-20,2089.0,12.0
4555,2026-07-20,2885.0,29.0
4557,2026-07-20,337.0,0.0
4560,2026-07-20,277.0,0.0
4562,2026-07-20,2017.0,26.0
4564,2026-07-20,11279.0,114.0
4566,2026-07-20,3997.0,31.0
4569,2026-07-20,738.0,0.0
4571,2026-07-20,1073.0,0.0
4572,2026-07-20,315.0,1.0
4576,2026-07-20,2439.0,10.0
4581,2026-07-20,30.0,0.0
4583,2026-07-20,3595.0,6.0
4585,2026-07-20,643.0,59.0
4588,2026-07-20,429.0,0.0
4720,2026-07-20,3780.0,0.0
4722,2026-07-20,12275.0,185.0
4736,2026-07-20,207.0,0.0
4737,2026-07-20,1526.0,1.0
4739,2026-07-20,9885.0,85.0
4746,2026-07-20,2165.0,0.0
4755,2026-07-20,1215.0,3.0
4763,2026-07-20,42859.0,20.0
4764,2026-07-20,5972.0,0.0
4766,2026-07-20,1220.0,0.0
4770,2026-07-20,1073.0,16.0
4771,2026-07-20,566.0,0.0
4807,2026-07-20,1434.0,2.0
4904,2026-07-20,147.0,5.0
4906,2026-07-20,30226.0,107.0
4912,2026-07-20,3699.0,3.0
4915,2026-07-20,3882.0,37.0
4916,2026-07-20,7711.0,191.0
4919,2026-07-20,15959.0,2070.0
4927,2026-07-20,28789.0,838.0
4930,2026-07-20,3722.0,0.0
4934,2026-07-20,0.0,0.0
4935,2026-07-20,633.0,0.0
4938,2026-07-20,5191.0,30.0
4942,2026-07-20,620.0,0.0
4943,2026-07-20,0.0,0.0
4949,2026-07-20,3266.0,47.0
4952,2026-07-20,1426.0,1.0
4956,2026-07-20,6136.0,4.0
4958,2026-07-20,26873.0,152.0
4960,2026-07-20,16339.0,84.0
4961,2026-07-20,1649.0,7.0
4967,2026-07-20,8026.0,209.0
4968,2026-07-20,5930.0,32.0
4976,2026-07-20,4660.0,62.0
4977,2026-07-20,6503.0,0.0
4989,2026-07-20,17345.0,2542.0
4994,2026-07-20,2281.0,2.0
4999,2026-07-20,401.0,9.0
5007,2026-07-20,8.0,0.0
5203,2026-07-20,1263.0,4.0
5215,2026-07-20,674.0,0.0
5222,2026-07-20,1912.0,9.0
5225,2026-07-20,1448.0,12.0
5234,2026-07-20,1561.0,7.0
5236,2026-07-20,208.0,4.0
5243,2026-07-20,10513.0,14.0
5244,2026-07-20,2711.0,23.0
5258,2026-07-20,3993.0,4.0
5269,2026-07-20,2029.0,0.0
5283,2026-07-20,92.0,0.0
5284,2026-07-20,3843.0,9.0
5285,2026-07-20,5145.0,74.0
5288,2026-07-20,2474.0,2.0
5292,2026-07-20,986.0,0.0
5306,2026-07-20,582.0,0.0
5388,2026-07-20,5650.0,14.0
5434,2026-07-20,930.0,2.0
5469,2026-07-20,14377.0,36.0
5471,2026-07-20,4209.0,19.0
5484,2026-07-20,0.0,0.0
5515,2026-07-20,1770.0,47.0
5519,2026-07-20,838.0,60.0
5521,2026-07-20,14938.0,21.0
5522,2026-07-20,920.0,2.0
5525,2026-07-20,350.0,0.0
5531,2026-07-20,3371.0,12.0
5533,2026-07-20,474.0,0.0
5534,2026-07-20,3668.0,0.0
5538,2026-07-20,10.0,0.0
5546,2026-07-20,19.0,0.0
5607,2026-07-20,1527.0,0.0
5608,2026-07-20,4258.0,40.0
5706,2026-07-20,753.0,25.0
5871,2026-07-20,3948.0,8.0
5876,2026-07-20,752.0,2.0
5880,2026-07-20,1948.0,27.0
5906,2026-07-20,26.0,0.0
5907,2026-07-20,5441.0,3.0
6005,2026-07-20,5122.0,5.0
6024,2026-07-20,167.0,0.0
6108,2026-07-20,1449.0,0.0
6112,2026-07-20,3239.0,3.0
6115,2026-07-20,90.0,0.0
6116,2026-07-20,36898.0,6532.0
6117,2026-07-20,2552.0,24.0
6120,2026-07-20,7324.0,4.0
6128,2026-07-20,1193.0,0.0
6133,2026-07-20,3049.0,11.0
6136,2026-07-20,2665.0,0.0
6139,2026-07-20,7610.0,35.0
6141,2026-07-20,36.0,0.0
6142,2026-07-20,0.0,0.0
6152,2026-07-20,0.0,0.0
6153,2026-07-20,14186.0,29.0
6155,2026-07-20,3345.0,3.0
6164,2026-07-20,3714.0,3.0
6165,2026-07-20,8231.0,2.0
6166,2026-07-20,3079.0,34.0
6168,2026-07-20,5178.0,377.0
6176,2026-07-20,6985.0,57.0
6177,2026-07-20,2604.0,3.0
6183,2026-07-20,8.0,0.0
6184,2026-07-20,497.0,0.0
6189,2026-07-20,2478.0,4.0
6191,2026-07-20,21412.0,52.0
6192,2026-07-20,805.0,0.0
6196,2026-07-20,1563.0,16.0
6197,2026-07-20,5002.0,128.0
6201,2026-07-20,29.0,0.0
6202,2026-07-20,5737.0,21.0
6205,2026-07-20,4550.0,6.0
6206,2026-07-20,1769.0,0.0
6209,2026-07-20,13124.0,77.0
6213,2026-07-20,15649.0,203.0
6214,2026-07-20,1700.0,7.0
6215,2026-07-20,5426.0,6.0
6216,2026-07-20,692.0,10.0
6224,2026-07-20,2027.0,16.0
6225,2026-07-20,0.0,0.0
6226,2026-07-20,1412.0,53.0
6230,2026-07-20,461.0,0.0
6235,2026-07-20,4990.0,23.0
6239,2026-07-20,22143.0,80.0
6243,2026-07-20,1681.0,229.0
6257,2026-07-20,9817.0,37.0
6269,2026-07-20,10172.0,146.0
6271,2026-07-20,6965.0,10.0
6272,2026-07-20,15.0,0.0
6277,2026-07-20,474.0,5.0
6278,2026-07-20,10184.0,102.0
6281,2026-07-20,51.0,0.0
6282,2026-07-20,29890.0,445.0
6283,2026-07-20,2565.0,2.0
6285,2026-07-20,16218.0,126.0
6405,2026-07-20,6304.0,56.0
6409,2026-07-20,1082.0,0.0
6412,2026-07-20,2984.0,15.0
6414,2026-07-20,1813.0,777.0
6415,2026-07-20,4547.0,76.0
6416,2026-07-20,3566.0,1.0
6426,2026-07-20,2178.0,11.0
6431,2026-07-20,0.0,0.0
6438,2026-07-20,4121.0,9.0
6442,2026-07-20,3860.0,12.0
6443,2026-07-20,13101.0,487.0
6446,2026-07-20,8206.0,17.0
6449,2026-07-20,2235.0,21.0
6451,2026-07-20,7396.0,9.0
6456,2026-07-20,12370.0,153.0
6464,2026-07-20,2.0,0.0
6472,2026-07-20,3599.0,6.0
6477,2026-07-20,3417.0,582.0
6491,2026-07-20,510.0,1.0
6504,2026-07-20,123.0,0.0
6505,2026-07-20,14323.0,1898.0
6515,2026-07-20,380.0,1.0
6525,2026-07-20,3748.0,35.0
6526,2026-07-20,1533.0,2.0
6531,2026-07-20,7594.0,17.0
6533,2026-07-20,2316.0,54.0
6534,2026-07-20,1809.0,0.0
6541,2026-07-20,3722.0,0.0
6550,2026-07-20,0.0,0.0
6552,2026-07-20,1136.0,20.0
6558,2026-07-20,3649.0,35.0
6573,2026-07-20,0.0,0.0
6579,2026-07-20,1147.0,0.0
6581,2026-07-20,5.0,0.0
6582,2026-07-20,365.0,0.0
6585,2026-07-20,2478.0,103.0
6589,2026-07-20,3129.0,37.0
6591,2026-07-20,2260.0,16.0
6592,2026-07-20,687.0,1.0
6598,2026-07-20,0.0,0.0
6605,2026-07-20,2375.0,0.0
6606,2026-07-20,576.0,0.0
6614,2026-07-20,56.0,0.0
6625,2026-07-20,844.0,2.0
6641,2026-07-20,102.0,1.0
6645,2026-07-20,12.0,0.0
6655,2026-07-20,0.0,0.0
6657,2026-07-20,1416.0,0.0
6658,2026-07-20,1572.0,12.0
6666,2026-07-20,281.0,0.0
6668,2026-07-20,2821.0,10.0
6669,2026-07-20,1624.0,4.0
6670,2026-07-20,406.0,3.0
6671,2026-07-20,66.0,0.0
6672,2026-07-20,5693.0,18.0
6674,2026-07-20,269.0,0.0
6689,2026-07-20,1421.0,0.0
6691,2026-07-20,1537.0,26.0
6695,2026-07-20,3627.0,33.0
6698,2026-07-20,2405.0,0.0
6706,2026-07-20,8367.0,74.0
6715,2026-07-20,6421.0,26.0
6719,2026-07-20,4150.0,0.0
6742,2026-07-20,2120.0,20.0
6743,2026-07-20,574.0,0.0
6753,2026-07-20,5850.0,144.0
6754,2026-07-20,131.0,0.0
6756,2026-07-20,707.0,2.0
6757,2026-07-20,3486.0,7.0
6768,2026-07-20,1279.0,1.0
6770,2026-07-20,155638.0,2617.0
6771,2026-07-20,80.0,0.0
6776,2026-07-20,928.0,0.0
6781,2026-07-20,2766.0,1.0
6782,2026-07-20,465.0,0.0
6789,2026-07-20,5750.0,12.0
6790,2026-07-20,597.0,0.0
6792,2026-07-20,274.0,0.0
6794,2026-07-20,261.0,0.0
6796,2026-07-20,539.0,0.0
6799,2026-07-20,2005.0,1.0
6805,2026-07-20,2432.0,20.0
6807,2026-07-20,137.0,0.0
6830,2026-07-20,3750.0,32.0
6831,2026-07-20,347.0,1.0
6834,2026-07-20,3597.0,70.0
6835,2026-07-20,825.0,4.0
6838,2026-07-20,2605.0,0.0
6854,2026-07-20,3474.0,2.0
6861,2026-07-20,2169.0,4.0
6862,2026-07-20,1140.0,10.0
6863,2026-07-20,981.0,0.0
6869,2026-07-20,3255.0,77.0
6873,2026-07-20,3991.0,22.0
6885,2026-07-20,2315.0,0.0
6887,2026-07-20,871.0,0.0
6890,2026-07-20,807.0,1.0
6901,2026-07-20,6232.0,39.0
6902,2026-07-20,623.0,0.0
6906,2026-07-20,507.0,0.0
6909,2026-07-20,1615.0,16.0
6914,2026-07-20,326.0,0.0
6916,2026-07-20,394.0,0.0
6918,2026-07-20,94.0,0.0
6919,2026-07-20,0.0,0.0
6923,2026-07-20,1830.0,0.0
6928,2026-07-20,835.0,15.0
6931,2026-07-20,123.0,0.0
6933,2026-07-20,721.0,1.0
6936,2026-07-20,242.0,0.0
6937,2026-07-20,1758.0,3.0
6944,2026-07-20,678.0,0.0
6949,2026-07-20,5322.0,4.0
6951,2026-07-20,77.0,0.0
6952,2026-07-20,25.0,0.0
6957,2026-07-20,1596.0,62.0
6958,2026-07-20,169.0,0.0
6962,2026-07-20,9072.0,8.0
6965,2026-07-20,39.0,0.0
6994,2026-07-20,3036.0,11.0
7705,2026-07-20,93.0,0.0
7711,2026-07-20,550.0,0.0
7721,2026-07-20,1204.0,0.0
7722,2026-07-20,742.0,0.0
7730,2026-07-20,675.0,3.0
7732,2026-07-20,99.0,0.0
7736,2026-07-20,68.0,0.0
7740,2026-07-20,1821.0,0.0
7749,2026-07-20,1151.0,0.0
7750,2026-07-20,572.0,3.0
7765,2026-07-20,474.0,0.0
7769,2026-07-20,262.0,0.0
7780,2026-07-20,237.0,0.0
7786,2026-07-20,246.0,0.0
7788,2026-07-20,1980.0,0.0
7791,2026-07-20,16.0,0.0
7799,2026-07-20,1210.0,2.0
8011,2026-07-20,3562.0,50.0
8016,2026-07-20,1702.0,4.0
8021,2026-07-20,10595.0,37.0
8028,2026-07-20,5949.0,128.0
8033,2026-07-20,7482.0,502.0
8039,2026-07-20,20978.0,1060.0
8045,2026-07-20,4832.0,1.0
8046,2026-07-20,9975.0,375.0
8070,2026-07-20,7005.0,7.0
8072,2026-07-20,1898.0,0.0
8081,2026-07-20,1505.0,2.0
8101,2026-07-20,0.0,0.0
8103,2026-07-20,3552.0,1.0
8104,2026-07-20,4444.0,3.0
8105,2026-07-20,8635.0,769.0
8110,2026-07-20,17574.0,140.0
8112,2026-07-20,18964.0,1549.0
8114,2026-07-20,2025.0,1.0
8131,2026-07-20,6160.0,15.0
8150,2026-07-20,19992.0,341.0
8162,2026-07-20,1922.0,2.0
8163,2026-07-20,2626.0,61.0
8201,2026-07-20,0.0,0.0
8210,2026-07-20,2294.0,26.0
8213,2026-07-20,3928.0,0.0
8215,2026-07-20,3414.0,0.0
8222,2026-07-20,3393.0,18.0
8249,2026-07-20,4163.0,20.0
8261,2026-07-20,10046.0,56.0
8271,2026-07-20,5246.0,156.0
8341,2026-07-20,379.0,0.0
8367,2026-07-20,11.0,0.0
8374,2026-07-20,1699.0,2.0
8404,2026-07-20,3921.0,0.0
8411,2026-07-20,20.0,0.0
8422,2026-07-20,28120.0,76.0
8429,2026-07-20,13567.0,0.0
8438,2026-07-20,5063.0,3.0
8442,2026-07-20,756.0,20.0
8443,2026-07-20,28.0,0.0
8454,2026-07-20,1465.0,54.0
8462,2026-07-20,1096.0,2.0
8463,2026-07-20,122.0,0.0
8464,2026-07-20,64.0,0.0
8466,2026-07-20,1307.0,0.0
8467,2026-07-20,254.0,0.0
8473,2026-07-20,2581.0,69.0
8476,2026-07-20,17847.0,720.0
8478,2026-07-20,1151.0,0.0
8481,2026-07-20,5.0,0.0
8482,2026-07-20,161.0,0.0
8487,2026-07-20,35.0,0.0
8488,2026-07-20,21.0,0.0
8499,2026-07-20,583.0,0.0
8926,2026-07-20,7299.0,55.0
8940,2026-07-20,127.0,0.0
8996,2026-07-20,4099.0,145.0
9103,2026-07-20,3481.0,174.0
910322,2026-07-20,0.0,0.0
9105,2026-07-20,50311.0,644.0
910861,2026-07-20,0.0,0.0
911868,2026-07-20,0.0,0.0
912000,2026-07-20,16714.0,10.0
9136,2026-07-20,13904.0,0.0
9802,2026-07-20,2435.0,6.0
9902,2026-07-20,3420.0,1.0
9904,2026-07-20,27109.0,6.0
9905,2026-07-20,24.0,0.0
9906,2026-07-20,439.0,4.0
9907,2026-07-20,3936.0,7.0
9908,2026-07-20,155.0,0.0
9910,2026-07-20,2489.0,3.0
9911,2026-07-20,381.0,0.0
9912,2026-07-20,0.0,0.0
9914,2026-07-20,2958.0,113.0
9917,2026-07-20,168.0,0.0
9918,2026-07-20,69.0,0.0
9919,2026-07-20,7835.0,1.0
9921,2026-07-20,2238.0,229.0
9924,2026-07-20,723.0,0.0
9925,2026-07-20,3.0,0.0
9926,2026-07-20,15.0,0.0
9927,2026-07-20,57.0,0.0
9928,2026-07-20,455.0,0.0
9929,2026-07-20,0.0,0.0
9930,2026-07-20,21.0,0.0
9931,2026-07-20,73.0,0.0
9933,2026-07-20,4029.0,7.0
9934,2026-07-20,5876.0,6.0
9935,2026-07-20,1112.0,0.0
9937,2026-07-20,138.0,0.0
9938,2026-07-20,3408.0,3.0
9939,2026-07-20,1164.0,0.0
9940,2026-07-20,1309.0,0.0
9941,2026-07-20,1049.0,3.0
9942,2026-07-20,59.0,0.0
9943,2026-07-20,94.0,0.0
9944,2026-07-20,5527.0,0.0
9945,2026-07-20,20830.0,10.0
9946,2026-07-20,1083.0,0.0
9955,2026-07-20,1316.0,0.0
9958,2026-07-20,8957.0,0.0
