stock_id,equity,year,season
2801,220327055.0,2025,4
2812,91749451.0,2025,4
2820,27830448.0,2025,4
2834,146912706.0,2025,4
2836,26710968.0,2025,4
2838,87326496.0,2025,4
2845,69848666.0,2025,4
2849,36146465.0,2025,4
2897,64811836.0,2025,4
5876,275330974.0,2025,4
2855,39473543.0,2025,4
6005,50204803.0,2025,4
6024,10430529.0,2025,4
1101,292705815.0,2025,4
1102,203421860.0,2025,4
1103,18723052.0,2025,4
1104,24978228.0,2025,4
1108,5755767.0,2025,4
1109,10281946.0,2025,4
1110,9644980.0,2025,4
1201,7670754.0,2025,4
1203,7424477.0,2025,4
1210,35468800.0,2025,4
1213,652254.0,2025,4
1215,12886265.0,2025,4
1216,210675151.0,2025,4
1217,8587540.0,2025,4
1218,12975143.0,2025,4
1219,4597050.0,2025,4
1220,2562321.0,2025,4
1225,4428480.0,2025,4
1227,18856314.0,2025,4
1229,78537483.0,2025,4
1231,7268602.0,2025,4
1232,6122477.0,2025,4
1233,1357493.0,2025,4
1234,18848809.0,2025,4
1235,3161077.0,2025,4
1236,2522887.0,2025,4
1256,3957433.0,2025,4
1301,363222429.0,2025,4
1303,371798965.0,2025,4
1304,35454318.0,2025,4
1305,8238342.0,2025,4
1307,10074023.0,2025,4
1308,10236406.0,2025,4
1309,5753799.0,2025,4
1310,7527936.0,2025,4
1312,32179957.0,2025,4
1313,29430522.0,2025,4
1314,76321363.0,2025,4
1315,10158700.0,2025,4
1316,13471614.0,2025,4
1319,28684826.0,2025,4
1321,5691881.0,2025,4
1323,2563742.0,2025,4
1324,892551.0,2025,4
1325,2665575.0,2025,4
1326,381101877.0,2025,4
1337,3668100.0,2025,4
1338,6208937.0,2025,4
1339,4105664.0,2025,4
1340,2607225.0,2025,4
1341,1291321.0,2025,4
1342,2396408.0,2025,4
1402,315040740.0,2025,4
1410,1091866.0,2025,4
1413,1132310.0,2025,4
1414,2911084.0,2025,4
1416,4452546.0,2025,4
1417,2342234.0,2025,4
1418,1231628.0,2025,4
1419,17520362.0,2025,4
1423,3670005.0,2025,4
1432,1845541.0,2025,4
1434,42338321.0,2025,4
1435,992355.0,2025,4
1436,6939626.0,2025,4
1437,8266570.0,2025,4
1438,3140759.0,2025,4
1439,3450140.0,2025,4
1440,28011946.0,2025,4
1441,463640.0,2025,4
1442,8003602.0,2025,4
1443,1858034.0,2025,4
1444,10841431.0,2025,4
1445,2123612.0,2025,4
1446,2772870.0,2025,4
1447,8268173.0,2025,4
1449,2924288.0,2025,4
1451,7366747.0,2025,4
1452,2698512.0,2025,4
1453,1454378.0,2025,4
1454,1377478.0,2025,4
1455,5799383.0,2025,4
1456,1936679.0,2025,4
1457,8840947.0,2025,4
1459,3516872.0,2025,4
1460,5700335.0,2025,4
1463,2731479.0,2025,4
1464,5749961.0,2025,4
1465,1572673.0,2025,4
1466,1637127.0,2025,4
1467,2974626.0,2025,4
1468,1486985.0,2025,4
1470,1013489.0,2025,4
1471,1550124.0,2025,4
1472,2298050.0,2025,4
1473,3800079.0,2025,4
1474,2168562.0,2025,4
1475,1553016.0,2025,4
1476,29637137.0,2025,4
1477,14174153.0,2025,4
1503,37118782.0,2025,4
1504,98363633.0,2025,4
1506,2869691.0,2025,4
1512,654207.0,2025,4
1513,20886357.0,2025,4
1514,6407158.0,2025,4
1515,3987984.0,2025,4
1516,206680.0,2025,4
1517,3512017.0,2025,4
1519,10820188.0,2025,4
1521,1865341.0,2025,4
1522,10507478.0,2025,4
1524,3015785.0,2025,4
1525,5023079.0,2025,4
1526,1362953.0,2025,4
1527,4821208.0,2025,4
1528,2203531.0,2025,4
1529,1880784.0,2025,4
1530,3281533.0,2025,4
1531,3601185.0,2025,4
1532,19284801.0,2025,4
1533,2774524.0,2025,4
1535,3822125.0,2025,4
1536,7838508.0,2025,4
1537,4392272.0,2025,4
1538,138934.0,2025,4
1539,1596914.0,2025,4
1540,1479239.0,2025,4
1541,2114520.0,2025,4
1558,8554525.0,2025,4
1560,8488610.0,2025,4
1563,8779181.0,2025,4
1568,2026691.0,2025,4
1582,7623270.0,2025,4
1583,7203600.0,2025,4
1587,1570908.0,2025,4
1590,52587357.0,2025,4
1597,2408305.0,2025,4
1598,4467681.0,2025,4
1603,7579196.0,2025,4
1604,9049528.0,2025,4
1605,176097268.0,2025,4
1608,10722717.0,2025,4
1609,19759035.0,2025,4
1611,4203395.0,2025,4
1612,8483034.0,2025,4
1614,5744819.0,2025,4
1615,4413584.0,2025,4
1616,2217851.0,2025,4
1617,2340619.0,2025,4
1618,6594245.0,2025,4
1623,2941665.0,2025,4
1626,2764820.0,2025,4
1702,15526397.0,2025,4
1707,12066385.0,2025,4
1708,7382645.0,2025,4
1709,9213325.0,2025,4
1710,11459621.0,2025,4
1711,8435579.0,2025,4
1712,8628448.0,2025,4
1713,3808693.0,2025,4
1714,17252925.0,2025,4
1717,28226196.0,2025,4
1720,9286809.0,2025,4
1721,1647330.0,2025,4
1722,54274693.0,2025,4
1723,7818279.0,2025,4
1725,6637640.0,2025,4
1726,10429424.0,2025,4
1727,2094023.0,2025,4
1730,2190418.0,2025,4
1731,2162931.0,2025,4
1732,502689.0,2025,4
1733,1870490.0,2025,4
1734,3715177.0,2025,4
1735,1552396.0,2025,4
1736,13737635.0,2025,4
1737,6813768.0,2025,4
1752,2489672.0,2025,4
1760,1954662.0,2025,4
1762,3087340.0,2025,4
1773,11388122.0,2025,4
1776,925639.0,2025,4
1783,1537599.0,2025,4
1786,1980234.0,2025,4
1789,10524737.0,2025,4
1795,23779856.0,2025,4
1802,50324911.0,2025,4
1805,1626720.0,2025,4
1806,5266392.0,2025,4
1808,12844606.0,2025,4
1809,3305298.0,2025,4
1810,6943109.0,2025,4
1817,2291629.0,2025,4
1903,5525877.0,2025,4
1904,30033681.0,2025,4
1905,18587141.0,2025,4
1906,2792580.0,2025,4
1907,91950309.0,2025,4
1909,20326681.0,2025,4
2002,329919005.0,2025,4
2006,34462346.0,2025,4
2007,4225548.0,2025,4
2008,3740110.0,2025,4
2009,9713914.0,2025,4
2010,13299129.0,2025,4
2012,4588316.0,2025,4
2013,5676777.0,2025,4
2014,12111353.0,2025,4
2015,22612819.0,2025,4
2017,6431794.0,2025,4
2020,4487979.0,2025,4
2022,6975350.0,2025,4
2023,33099794.0,2025,4
2024,1114752.0,2025,4
2025,1443364.0,2025,4
2027,88516384.0,2025,4
2028,4728203.0,2025,4
2029,10154766.0,2025,4
2030,4902169.0,2025,4
2031,12456874.0,2025,4
2032,1752560.0,2025,4
2033,1056531.0,2025,4
2034,9680556.0,2025,4
2038,3988998.0,2025,4
2049,37473620.0,2025,4
2059,28025959.0,2025,4
2062,7609145.0,2025,4
2069,4159632.0,2025,4
2072,19691204.0,2025,4
2101,12666473.0,2025,4
2102,9647564.0,2025,4
2103,21511862.0,2025,4
2104,25507920.0,2025,4
2105,87534713.0,2025,4
2106,19558990.0,2025,4
2107,13482955.0,2025,4
2108,16480168.0,2025,4
2109,5228047.0,2025,4
2114,3171634.0,2025,4
2115,3240590.0,2025,4
2201,93903393.0,2025,4
2204,41752925.0,2025,4
2206,42302178.0,2025,4
2208,7138450.0,2025,4
2211,30954760.0,2025,4
2227,18091139.0,2025,4
2228,5028518.0,2025,4
2231,4444954.0,2025,4
2233,3965077.0,2025,4
2236,2306116.0,2025,4
2239,17459288.0,2025,4
2241,1517728.0,2025,4
2243,807093.0,2025,4
2247,12847486.0,2025,4
2248,1661378.0,2025,4
2250,2105369.0,2025,4
2254,1100415.0,2025,4
2258,13388219.0,2025,4
2301,89978793.0,2025,4
2302,1808154.0,2025,4
2303,379855440.0,2025,4
2305,2403161.0,2025,4
2308,325389003.0,2025,4
2312,36612711.0,2025,4
2313,47862670.0,2025,4
2314,135479.0,2025,4
2316,12575793.0,2025,4
2317,1970763355.0,2025,4
2321,444159.0,2025,4
2323,19587317.0,2025,4
2324,147676908.0,2025,4
2327,173996552.0,2025,4
2328,17253431.0,2025,4
2329,11154198.0,2025,4
2330,5460795283.0,2025,4
2331,10775160.0,2025,4
2332,10753290.0,2025,4
2337,45807601.0,2025,4
2338,4346145.0,2025,4
2340,7066068.0,2025,4
2342,2357282.0,2025,4
2344,114130131.0,2025,4
2345,57635183.0,2025,4
2347,83233045.0,2025,4
2348,10517564.0,2025,4
2349,9393552.0,2025,4
2351,7277476.0,2025,4
2352,60431089.0,2025,4
2353,98237747.0,2025,4
2354,106799347.0,2025,4
2355,17270530.0,2025,4
2356,76448059.0,2025,4
2357,297563197.0,2025,4
2359,6271098.0,2025,4
2360,32562571.0,2025,4
2362,43357660.0,2025,4
2363,18412769.0,2025,4
2364,810568.0,2025,4
2365,3092968.0,2025,4
2367,12858221.0,2025,4
2368,33481159.0,2025,4
2369,4978495.0,2025,4
2371,54148970.0,2025,4
2373,8781031.0,2025,4
2374,8305657.0,2025,4
2375,9871236.0,2025,4
2376,61199203.0,2025,4
2377,54602389.0,2025,4
2379,52212086.0,2025,4
2380,560513.0,2025,4
2382,255744500.0,2025,4
2383,50435205.0,2025,4
2385,52286169.0,2025,4
2387,11674422.0,2025,4
2388,22793377.0,2025,4
2390,2322488.0,2025,4
2392,24890180.0,2025,4
2393,20509916.0,2025,4
2395,55049265.0,2025,4
2397,5701940.0,2025,4
2399,2200790.0,2025,4
2401,10591578.0,2025,4
2402,7406949.0,2025,4
2404,18867445.0,2025,4
2405,3594542.0,2025,4
2406,8380527.0,2025,4
2408,170538356.0,2025,4
2409,163840550.0,2025,4
2412,400790076.0,2025,4
2413,2014391.0,2025,4
2414,4391719.0,2025,4
2415,3088617.0,2025,4
2417,3895291.0,2025,4
2419,6108596.0,2025,4
2420,3995924.0,2025,4
2421,8887087.0,2025,4
2423,2963716.0,2025,4
2424,333946.0,2025,4
2425,2872506.0,2025,4
2426,3769717.0,2025,4
2427,3290413.0,2025,4
2428,11280988.0,2025,4
2429,783505.0,2025,4
2430,4408552.0,2025,4
2431,1087452.0,2025,4
2432,1185487.0,2025,4
2433,4104217.0,2025,4
2434,471456.0,2025,4
2436,4153804.0,2025,4
2438,564276.0,2025,4
2439,19087825.0,2025,4
2440,1576525.0,2025,4
2441,24154028.0,2025,4
2442,7807668.0,2025,4
2444,796133.0,2025,4
2449,50437749.0,2025,4
2450,6448811.0,2025,4
2451,23020960.0,2025,4
2453,2246828.0,2025,4
2454,409195021.0,2025,4
2455,3294696.0,2025,4
2457,8972076.0,2025,4
2458,10455522.0,2025,4
2459,6104868.0,2025,4
2460,1509298.0,2025,4
2461,3797039.0,2025,4
2462,3669954.0,2025,4
2464,5005671.0,2025,4
2465,1086602.0,2025,4
2466,2007409.0,2025,4
2467,6988660.0,2025,4
2468,1275258.0,2025,4
2471,948162.0,2025,4
2472,13797550.0,2025,4
2474,146195212.0,2025,4
2476,9564019.0,2025,4
2477,4531906.0,2025,4
2478,7133912.0,2025,4
2480,3520303.0,2025,4
2481,16127338.0,2025,4
2482,1086880.0,2025,4
2483,2566396.0,2025,4
2484,3777173.0,2025,4
2485,5284783.0,2025,4
2486,5482276.0,2025,4
2488,2807733.0,2025,4
2489,13540479.0,2025,4
2491,1333210.0,2025,4
2492,62789969.0,2025,4
2493,3245485.0,2025,4
2495,4587638.0,2025,4
2496,891936.0,2025,4
2497,2355329.0,2025,4
2498,26596691.0,2025,4
2501,32876635.0,2025,4
2504,28334180.0,2025,4
2505,11065257.0,2025,4
2506,9721207.0,2025,4
2509,4205366.0,2025,4
2511,25944375.0,2025,4
2514,21000160.0,2025,4
2515,22727766.0,2025,4
2516,2051269.0,2025,4
2520,29545099.0,2025,4
2524,21026445.0,2025,4
2527,17515483.0,2025,4
2528,7890343.0,2025,4
2530,10304086.0,2025,4
2534,15054979.0,2025,4
2535,10682654.0,2025,4
2536,13583822.0,2025,4
2537,4434363.0,2025,4
2538,5716975.0,2025,4
2539,17910255.0,2025,4
2540,16426798.0,2025,4
2542,63022793.0,2025,4
2543,10327231.0,2025,4
2545,14938609.0,2025,4
2546,6033362.0,2025,4
2547,15403957.0,2025,4
2548,22422585.0,2025,4
2597,11028687.0,2025,4
2601,7446943.0,2025,4
2603,586223731.0,2025,4
2605,17466065.0,2025,4
2606,38879345.0,2025,4
2607,30864360.0,2025,4
2608,13204024.0,2025,4
2609,326601953.0,2025,4
2610,102540218.0,2025,4
2611,2898897.0,2025,4
2612,13527558.0,2025,4
2613,3314219.0,2025,4
2614,6397099.0,2025,4
2615,275747158.0,2025,4
2616,2684132.0,2025,4
2617,17839891.0,2025,4
2618,147219884.0,2025,4
2630,3548828.0,2025,4
2633,72772763.0,2025,4
2634,17842564.0,2025,4
2636,10050488.0,2025,4
2637,48197814.0,2025,4
2642,2052282.0,2025,4
2645,13561362.0,2025,4
2646,31396288.0,2025,4
2701,8363644.0,2025,4
2702,3234138.0,2025,4
2704,25605590.0,2025,4
2705,5027399.0,2025,4
2706,10123259.0,2025,4
2707,4345352.0,2025,4
2712,1026292.0,2025,4
2722,2595080.0,2025,4
2723,10097916.0,2025,4
2727,5044132.0,2025,4
2731,5234682.0,2025,4
2739,1613638.0,2025,4
2748,3038408.0,2025,4
2753,4153216.0,2025,4
2762,2892595.0,2025,4
2901,884316.0,2025,4
2903,36363760.0,2025,4
2904,1289538.0,2025,4
2906,6559922.0,2025,4
2908,8771806.0,2025,4
2910,2757800.0,2025,4
2911,868933.0,2025,4
2912,52926563.0,2025,4
2913,12419299.0,2025,4
2915,105539296.0,2025,4
2923,46631518.0,2025,4
2929,2740871.0,2025,4
2939,562618.0,2025,4
2945,2170037.0,2025,4
3002,1417305.0,2025,4
3003,6569118.0,2025,4
3004,3639036.0,2025,4
3005,29310968.0,2025,4
3006,10163536.0,2025,4
3008,190867945.0,2025,4
3010,26034167.0,2025,4
3011,1341001.0,2025,4
3013,5201331.0,2025,4
3014,7057584.0,2025,4
3015,12951822.0,2025,4
3016,4939640.0,2025,4
3017,50564641.0,2025,4
3018,562200.0,2025,4
3019,17408122.0,2025,4
3021,1654187.0,2025,4
3022,11379454.0,2025,4
3023,16487400.0,2025,4
3024,2987092.0,2025,4
3025,886344.0,2025,4
3026,10399318.0,2025,4
3027,2294718.0,2025,4
3028,6302341.0,2025,4
3029,7006151.0,2025,4
3030,9603898.0,2025,4
3031,3003743.0,2025,4
3032,3420268.0,2025,4
3033,10715184.0,2025,4
3034,67739247.0,2025,4
3035,13528800.0,2025,4
3036,117938307.0,2025,4
3037,107007077.0,2025,4
3038,2619850.0,2025,4
3040,1551779.0,2025,4
3041,1462730.0,2025,4
3042,16036795.0,2025,4
3043,792218.0,2025,4
3044,54091857.0,2025,4
3045,94549248.0,2025,4
3046,1657933.0,2025,4
3047,3184859.0,2025,4
3048,5588294.0,2025,4
3049,7558266.0,2025,4
3050,2997766.0,2025,4
3051,2479331.0,2025,4
3052,3602889.0,2025,4
3054,1056124.0,2025,4
3055,1672745.0,2025,4
3056,8755624.0,2025,4
3057,551835.0,2025,4
3058,1659411.0,2025,4
3059,10385337.0,2025,4
3060,2657253.0,2025,4
3062,4307812.0,2025,4
3090,13870516.0,2025,4
3092,1462914.0,2025,4
3094,1024655.0,2025,4
3130,1711826.0,2025,4
3135,2123434.0,2025,4
3138,2004592.0,2025,4
3149,2556747.0,2025,4
3150,608296.0,2025,4
3164,1449730.0,2025,4
3167,3417389.0,2025,4
3168,2568311.0,2025,4
3189,41373197.0,2025,4
3209,5503469.0,2025,4
3229,599240.0,2025,4
3231,253288404.0,2025,4
3257,1762296.0,2025,4
3266,6394468.0,2025,4
3296,1257712.0,2025,4
3305,5690086.0,2025,4
3308,1121280.0,2025,4
3311,3638642.0,2025,4
3312,4171028.0,2025,4
3321,717928.0,2025,4
3338,1984922.0,2025,4
3346,3577281.0,2025,4
3356,2493408.0,2025,4
3376,17189990.0,2025,4
3380,13039374.0,2025,4
3406,26483807.0,2025,4
3413,17959772.0,2025,4
3416,3530864.0,2025,4
3419,964359.0,2025,4
3432,307710.0,2025,4
3437,2112124.0,2025,4
3443,12912792.0,2025,4
3447,1291063.0,2025,4
3450,7822865.0,2025,4
3481,223472796.0,2025,4
3494,670919.0,2025,4
3501,6951163.0,2025,4
3504,2795135.0,2025,4
3515,15099360.0,2025,4
3518,1400119.0,2025,4
3528,1929858.0,2025,4
3530,2451192.0,2025,4
3532,24708235.0,2025,4
3533,40414835.0,2025,4
3535,1034639.0,2025,4
3543,2684735.0,2025,4
3545,8628786.0,2025,4
3550,1565393.0,2025,4
3557,2478914.0,2025,4
3563,5798454.0,2025,4
3576,10416917.0,2025,4
3583,6410303.0,2025,4
3588,1754166.0,2025,4
3591,2975578.0,2025,4
3592,11519857.0,2025,4
3593,291455.0,2025,4
3596,17033163.0,2025,4
3605,7934226.0,2025,4
3607,1747746.0,2025,4
3617,9674185.0,2025,4
3622,7878101.0,2025,4
3645,3316094.0,2025,4
3652,1938602.0,2025,4
3653,23064713.0,2025,4
3661,40824237.0,2025,4
3665,46642648.0,2025,4
3669,3312017.0,2025,4
3673,39560810.0,2025,4
3679,4986139.0,2025,4
3686,668474.0,2025,4
3694,3667601.0,2025,4
3701,6512205.0,2025,4
3702,85250255.0,2025,4
3703,29307954.0,2025,4
3704,11852497.0,2025,4
3705,8974585.0,2025,4
3706,69643112.0,2025,4
3708,15134086.0,2025,4
3711,373367633.0,2025,4
3712,3896361.0,2025,4
3714,42399420.0,2025,4
3715,12663530.0,2025,4
3716,7611632.0,2025,4
3717,3212163.0,2025,4
4104,11724607.0,2025,4
4106,2530323.0,2025,4
4108,2293653.0,2025,4
4119,5394482.0,2025,4
4133,1256495.0,2025,4
4137,5276810.0,2025,4
4142,5051712.0,2025,4
4148,3444921.0,2025,4
4155,2576108.0,2025,4
4164,8049745.0,2025,4
4169,1055315.0,2025,4
4178,1738821.0,2025,4
4190,1635735.0,2025,4
4195,582065.0,2025,4
4306,13558279.0,2025,4
4414,4510805.0,2025,4
4426,1874048.0,2025,4
4438,10500447.0,2025,4
4439,3355977.0,2025,4
4440,1323417.0,2025,4
4441,6962200.0,2025,4
4526,4842071.0,2025,4
4532,11368816.0,2025,4
4536,9863115.0,2025,4
4540,3449278.0,2025,4
4545,1900823.0,2025,4
4551,8958942.0,2025,4
4552,6209136.0,2025,4
4555,2951550.0,2025,4
4557,2764406.0,2025,4
4560,1995639.0,2025,4
4562,920635.0,2025,4
4564,4117500.0,2025,4
4566,5036474.0,2025,4
4569,2781827.0,2025,4
4571,3161462.0,2025,4
4572,2024259.0,2025,4
4576,4435855.0,2025,4
4581,1230093.0,2025,4
4582,1269295.0,2025,4
4583,10189001.0,2025,4
4585,6871195.0,2025,4
4588,929117.0,2025,4
4590,3320091.0,2025,4
4720,1784524.0,2025,4
4722,3200397.0,2025,4
4736,10124446.0,2025,4
4737,1755612.0,2025,4
4739,6717894.0,2025,4
4746,8670142.0,2025,4
4755,5384822.0,2025,4
4763,20071913.0,2025,4
4764,2343253.0,2025,4
4766,15430443.0,2025,4
4770,8231845.0,2025,4
4771,4408528.0,2025,4
4807,876207.0,2025,4
4904,93672811.0,2025,4
4906,11756455.0,2025,4
4912,3911688.0,2025,4
4915,20522535.0,2025,4
4916,3064934.0,2025,4
4919,13117836.0,2025,4
4927,5891548.0,2025,4
4930,6342774.0,2025,4
4934,1696021.0,2025,4
4935,7948021.0,2025,4
4938,246457880.0,2025,4
4942,9094951.0,2025,4
4943,291040.0,2025,4
4949,1662826.0,2025,4
4952,2113334.0,2025,4
4956,1621458.0,2025,4
4958,170712652.0,2025,4
4960,7344331.0,2025,4
4961,22583999.0,2025,4
4967,4850651.0,2025,4
4968,2750472.0,2025,4
4976,2237427.0,2025,4
4977,4020126.0,2025,4
4989,1472941.0,2025,4
4994,1022386.0,2025,4
4999,3205256.0,2025,4
5007,7539206.0,2025,4
5203,4641420.0,2025,4
5215,3652829.0,2025,4
5222,2493185.0,2025,4
5225,3513493.0,2025,4
5234,3527516.0,2025,4
5236,2660989.0,2025,4
5243,8225198.0,2025,4
5244,1782177.0,2025,4
5258,4689013.0,2025,4
5269,36142669.0,2025,4
5283,4802677.0,2025,4
5284,3713964.0,2025,4
5285,2961118.0,2025,4
5288,6200098.0,2025,4
5292,1923224.0,2025,4
5306,8886502.0,2025,4
5388,15943444.0,2025,4
5434,20215716.0,2025,4
5469,53591790.0,2025,4
5471,3517502.0,2025,4
5484,494094.0,2025,4
5515,5252615.0,2025,4
5519,6219488.0,2025,4
5521,5627327.0,2025,4
5522,50500731.0,2025,4
5525,5588495.0,2025,4
5531,9847879.0,2025,4
5533,9574658.0,2025,4
5534,21014485.0,2025,4
5538,7477280.0,2025,4
5546,1893150.0,2025,4
5607,11053139.0,2025,4
5608,9559913.0,2025,4
5706,1961342.0,2025,4
5871,195490332.0,2025,4
5906,670033.0,2025,4
5907,3819228.0,2025,4
6108,3293692.0,2025,4
6112,5393647.0,2025,4
6115,5296902.0,2025,4
6116,34016867.0,2025,4
6117,2221898.0,2025,4
6120,8810204.0,2025,4
6128,2770626.0,2025,4
6133,1596704.0,2025,4
6136,3268696.0,2025,4
6139,26697426.0,2025,4
6141,638097.0,2025,4
6142,2892332.0,2025,4
6152,1267067.0,2025,4
6153,9130826.0,2025,4
6155,1588375.0,2025,4
6164,924682.0,2025,4
6165,1611143.0,2025,4
6166,5622030.0,2025,4
6168,3163627.0,2025,4
6176,35872782.0,2025,4
6177,11262509.0,2025,4
6183,2826873.0,2025,4
6184,5927945.0,2025,4
6189,6717537.0,2025,4
6191,26372684.0,2025,4
6192,7520756.0,2025,4
6196,16192917.0,2025,4
6197,5266385.0,2025,4
6201,2816303.0,2025,4
6202,3988024.0,2025,4
6205,2608205.0,2025,4
6206,5244762.0,2025,4
6209,3153036.0,2025,4
6213,21267030.0,2025,4
6214,19073144.0,2025,4
6215,1606217.0,2025,4
6216,1747275.0,2025,4
6224,2196100.0,2025,4
6225,86561.0,2025,4
6226,1122021.0,2025,4
6230,5735128.0,2025,4
6235,4991096.0,2025,4
6239,71274504.0,2025,4
6243,768244.0,2025,4
6257,24875979.0,2025,4
6269,22992238.0,2025,4
6271,26734823.0,2025,4
6272,2120045.0,2025,4
6277,4900029.0,2025,4
6278,22995673.0,2025,4
6281,2890511.0,2025,4
6282,22904903.0,2025,4
6283,1915848.0,2025,4
6285,34288535.0,2025,4
6405,2666290.0,2025,4
6409,9553015.0,2025,4
6412,15277261.0,2025,4
6414,64189537.0,2025,4
6415,37753245.0,2025,4
6416,3723201.0,2025,4
6426,904037.0,2025,4
6431,580322.0,2025,4
6438,5511616.0,2025,4
6442,6844707.0,2025,4
6443,3642023.0,2025,4
6446,31975331.0,2025,4
6449,4895506.0,2025,4
6451,7673104.0,2025,4
6456,29698693.0,2025,4
6464,8579445.0,2025,4
6472,17472189.0,2025,4
6477,3390201.0,2025,4
6491,11735862.0,2025,4
6504,3445055.0,2025,4
6505,361245037.0,2025,4
6515,6445309.0,2025,4
6525,4694616.0,2025,4
6526,21678876.0,2025,4
6531,12364046.0,2025,4
6533,4514834.0,2025,4
6534,2685999.0,2025,4
6541,5693982.0,2025,4
6550,5296157.0,2025,4
6552,1701490.0,2025,4
6558,1376234.0,2025,4
6573,697144.0,2025,4
6579,11909814.0,2025,4
6581,4486855.0,2025,4
6582,6322253.0,2025,4
6585,3893413.0,2025,4
6589,8341964.0,2025,4
6591,2250600.0,2025,4
6592,43396256.0,2025,4
6598,643215.0,2025,4
6605,20404035.0,2025,4
6606,1666454.0,2025,4
6614,1612284.0,2025,4
6625,1894141.0,2025,4
6641,1461814.0,2025,4
6645,512878.0,2025,4
6655,2540139.0,2025,4
6657,896273.0,2025,4
6658,1396270.0,2025,4
6666,1730846.0,2025,4
6668,2153020.0,2025,4
6669,124652762.0,2025,4
6670,18700668.0,2025,4
6671,1784628.0,2025,4
6672,3568328.0,2025,4
6674,912283.0,2025,4
6689,3160978.0,2025,4
6691,7593067.0,2025,4
6695,1555435.0,2025,4
6698,1882028.0,2025,4
6706,3835691.0,2025,4
6715,3533073.0,2025,4
6719,14092466.0,2025,4
6722,2188271.0,2025,4
6742,1260471.0,2025,4
6743,2672014.0,2025,4
6753,4694013.0,2025,4
6754,2328585.0,2025,4
6756,2913275.0,2025,4
6757,7317959.0,2025,4
6768,15030005.0,2025,4
6770,82000187.0,2025,4
6771,892174.0,2025,4
6776,3043075.0,2025,4
6781,16800898.0,2025,4
6782,4441174.0,2025,4
6789,18423461.0,2025,4
6790,5774272.0,2025,4
6792,1524478.0,2025,4
6794,865435.0,2025,4
6796,745365.0,2025,4
6799,1653778.0,2025,4
6805,7192597.0,2025,4
6807,2606956.0,2025,4
6830,3040646.0,2025,4
6831,2818333.0,2025,4
6834,1434179.0,2025,4
6835,1856363.0,2025,4
6838,1457170.0,2025,4
6854,3877550.0,2025,4
6861,1455776.0,2025,4
6862,2984479.0,2025,4
6863,5948470.0,2025,4
6869,5485493.0,2025,4
6873,11855406.0,2025,4
6885,1753657.0,2025,4
6887,2942111.0,2025,4
6890,25161554.0,2025,4
6901,9220875.0,2025,4
6902,699674.0,2025,4
6906,728074.0,2025,4
6908,1897842.0,2025,4
6909,1073197.0,2025,4
6914,3695264.0,2025,4
6916,1044922.0,2025,4
6918,1265553.0,2025,4
6919,9410448.0,2025,4
6921,288171.0,2025,4
6923,2597612.0,2025,4
6924,575870.0,2025,4
6928,2037911.0,2025,4
6931,1169052.0,2025,4
6933,2291228.0,2025,4
6934,287434.0,2025,4
6936,1352239.0,2025,4
6937,3497643.0,2025,4
6944,8026400.0,2025,4
6947,2191715.0,2025,4
6949,1693956.0,2025,4
6951,1149750.0,2025,4
6952,1771415.0,2025,4
6955,641407.0,2025,4
6957,2710517.0,2025,4
6958,10309496.0,2025,4
6962,20013354.0,2025,4
6965,12277799.0,2025,4
6969,324956.0,2025,4
6988,728818.0,2025,4
6994,2903208.0,2025,4
7610,1611232.0,2025,4
7631,840934.0,2025,4
7705,1546667.0,2025,4
7711,4852478.0,2025,4
7721,1294216.0,2025,4
7722,10799567.0,2025,4
7730,992327.0,2025,4
7732,1835818.0,2025,4
7736,3625545.0,2025,4
7740,1537474.0,2025,4
7749,3744002.0,2025,4
7750,11372811.0,2025,4
7760,2008037.0,2025,4
7765,2051846.0,2025,4
7768,1818980.0,2025,4
7769,58031068.0,2025,4
7780,5442704.0,2025,4
7786,9829180.0,2025,4
7788,5923919.0,2025,4
7791,3635266.0,2025,4
7795,1589077.0,2025,4
7799,11489312.0,2025,4
7803,608774.0,2025,4
7818,7970005.0,2025,4
7821,2170198.0,2025,4
7822,1029947.0,2025,4
7823,307578.0,2025,4
7827,869240.0,2025,4
8011,3949551.0,2025,4
8016,16445560.0,2025,4
8021,5427816.0,2025,4
8028,5107868.0,2025,4
8033,2065427.0,2025,4
8039,10920853.0,2025,4
8045,2013034.0,2025,4
8046,46122894.0,2025,4
8070,22614678.0,2025,4
8072,2388257.0,2025,4
8081,9412527.0,2025,4
8101,286668.0,2025,4
8103,3800236.0,2025,4
8104,3129494.0,2025,4
8105,7838016.0,2025,4
8110,12271284.0,2025,4
8112,20382149.0,2025,4
8114,14835131.0,2025,4
8131,12247132.0,2025,4
8150,24008363.0,2025,4
8162,1480676.0,2025,4
8163,12726746.0,2025,4
8201,461093.0,2025,4
8210,11076708.0,2025,4
8213,16849067.0,2025,4
8215,7556712.0,2025,4
8222,900951.0,2025,4
8249,7616722.0,2025,4
8261,5932861.0,2025,4
8271,5152480.0,2025,4
8341,5807002.0,2025,4
8367,4770102.0,2025,4
8374,2883243.0,2025,4
8404,7202419.0,2025,4
8411,6016893.0,2025,4
8422,9517535.0,2025,4
8429,6385708.0,2025,4
8438,1917972.0,2025,4
8442,3769780.0,2025,4
8443,666965.0,2025,4
8454,9789764.0,2025,4
8462,2373567.0,2025,4
8463,3098363.0,2025,4
8464,30408627.0,2025,4
8466,3033435.0,2025,4
8467,2868461.0,2025,4
8473,8209028.0,2025,4
8476,1838559.0,2025,4
8478,9055177.0,2025,4
8481,1743348.0,2025,4
8482,3157248.0,2025,4
8487,670230.0,2025,4
8488,2347045.0,2025,4
8499,12030051.0,2025,4
8926,15775023.0,2025,4
8940,858124.0,2025,4
8996,4176912.0,2025,4
9802,13785739.0,2025,4
9902,1203291.0,2025,4
9904,224202093.0,2025,4
9905,8428061.0,2025,4
9906,1346144.0,2025,4
9907,22289411.0,2025,4
9908,15631186.0,2025,4
9910,27825074.0,2025,4
9911,7022568.0,2025,4
9912,396420.0,2025,4
9914,19823298.0,2025,4
9917,14199179.0,2025,4
9918,3313131.0,2025,4
9919,2103412.0,2025,4
9921,37017012.0,2025,4
9924,7087943.0,2025,4
9925,14245324.0,2025,4
9926,4228939.0,2025,4
9927,5645373.0,2025,4
9928,2147801.0,2025,4
9929,808291.0,2025,4
9930,6826978.0,2025,4
9931,3391583.0,2025,4
9933,25516390.0,2025,4
9934,6068160.0,2025,4
9935,2642201.0,2025,4
9937,5823437.0,2025,4
9938,16942528.0,2025,4
9939,20569215.0,2025,4
9940,13042063.0,2025,4
9941,40920431.0,2025,4
9942,4289939.0,2025,4
9943,3951524.0,2025,4
9944,3468802.0,2025,4
9945,109759753.0,2025,4
9946,6733260.0,2025,4
9955,1235696.0,2025,4
9958,21366949.0,2025,4
2880,236360078.0,2025,4
2881,997807927.0,2025,4
2882,934388090.0,2025,4
2883,327522498.0,2025,4
2884,273143990.0,2025,4
2885,368226524.0,2025,4
2886,392369102.0,2025,4
2887,484103780.0,2025,4
2889,54101667.0,2025,4
2890,258099063.0,2025,4
2891,549281200.0,2025,4
2892,292366858.0,2025,4
5880,285142865.0,2025,4
2816,8049339.0,2025,4
2832,11840918.0,2025,4
2850,20743289.0,2025,4
2851,21706032.0,2025,4
2852,9151272.0,2025,4
2867,40350289.0,2025,4
1409,52871862.0,2025,4
1718,91945783.0,2025,4
2207,123755878.0,2025,4
2905,48927795.0,2025,4
